date,MORTGAGE30US,MSPUS,ASPUS,CSUSHPINSA,RHORUSQ156N,CUSR0000SEHA,G160651A027NBEA,PRIME,DGS10,DGS30,GDP,CPIAUCSL,UNRATE,POPTHM,MEHOINUSA672N,MEHOINUSA646N,SLOAS,CCLACBW027SBOG
1947-01-01,,,,,,,,,,,243.164,21.48,,,,,,
1947-02-01,,,,,,,,,,,243.164,21.62,,,,,,
1947-03-01,,,,,,,,,,,243.164,22.0,,,,,,
1947-04-01,,,,,,,,,,,245.968,22.0,,,,,,
1947-05-01,,,,,,,,,,,245.968,21.95,,,,,,
1947-06-01,,,,,,,,,,,245.968,22.08,,,,,,
1947-07-01,,,,,,,,,,,249.585,22.23,,,,,,
1947-08-01,,,,,,,,,,,249.585,22.4,,,,,,
1947-09-01,,,,,,,,,,,249.585,22.84,,,,,,
1947-10-01,,,,,,,,,,,259.745,22.91,,,,,,
1947-11-01,,,,,,,,,,,259.745,23.06,,,,,,
1947-12-01,,,,,,,,,,,259.745,23.41,,,,,,
1948-01-01,,,,,,,,,,,265.742,23.68,3.4,,,,,
1948-02-01,,,,,,,,,,,265.742,23.67,3.8,,,,,
1948-03-01,,,,,,,,,,,265.742,23.5,4.0,,,,,
1948-04-01,,,,,,,,,,,272.567,23.82,3.9,,,,,
1948-05-01,,,,,,,,,,,272.567,24.01,3.5,,,,,
1948-06-01,,,,,,,,,,,272.567,24.15,3.6,,,,,
1948-07-01,,,,,,,,,,,279.196,24.4,3.6,,,,,
1948-08-01,,,,,,,,,,,279.196,24.43,3.9,,,,,
1948-09-01,,,,,,,,,,,279.196,24.36,3.8,,,,,
1948-10-01,,,,,,,,,,,280.366,24.31,3.7,,,,,
1948-11-01,,,,,,,,,,,280.366,24.16,3.8,,,,,
1948-12-01,,,,,,,,,,,280.366,24.05,4.0,,,,,
1949-01-01,,,,,,,,,,,275.034,24.01,4.3,,,,,
1949-02-01,,,,,,,,,,,275.034,23.91,4.7,,,,,
1949-03-01,,,,,,,,,,,275.034,23.91,5.0,,,,,
1949-04-01,,,,,,,,,,,271.351,23.92,5.3,,,,,
1949-05-01,,,,,,,,,,,271.351,23.91,6.1,,,,,
1949-06-01,,,,,,,,,,,271.351,23.92,6.2,,,,,
1949-07-01,,,,,,,,,,,272.889,23.7,6.7,,,,,
1949-08-01,,,,,,,,,,,272.889,23.7,6.8,,,,,
1949-09-01,,,,,,,,,,,272.889,23.75,6.6,,,,,
1949-10-01,,,,,,,,,,,270.627,23.67,7.9,,,,,
1949-11-01,,,,,,,,,,,270.627,23.7,6.4,,,,,
1949-12-01,,,,,,,,,,,270.627,23.61,6.6,,,,,
1950-01-01,,,,,,,,,,,280.828,23.51,6.5,,,,,
1950-02-01,,,,,,,,,,,280.828,23.61,6.4,,,,,
1950-03-01,,,,,,,,,,,280.828,23.64,6.3,,,,,
1950-04-01,,,,,,,,,,,290.383,23.65,5.8,,,,,
1950-05-01,,,,,,,,,,,290.383,23.77,5.5,,,,,
1950-06-01,,,,,,,,,,,290.383,23.88,5.4,,,,,
1950-07-01,,,,,,,,,,,308.153,24.07,5.0,,,,,
1950-08-01,,,,,,,,,,,308.153,24.2,4.5,,,,,
1950-09-01,,,,,,,,,,,308.153,24.34,4.4,,,,,
1950-10-01,,,,,,,,,,,319.945,24.5,4.2,,,,,
1950-11-01,,,,,,,,,,,319.945,24.6,4.2,,,,,
1950-12-01,,,,,,,,,,,319.945,24.98,4.3,,,,,
1951-01-01,,,,,,,,,,,336.0,25.38,3.7,,,,,
1951-02-01,,,,,,,,,,,336.0,25.83,3.4,,,,,
1951-03-01,,,,,,,,,,,336.0,25.88,3.4,,,,,
1951-04-01,,,,,,,,,,,344.09,25.92,3.1,,,,,
1951-05-01,,,,,,,,,,,344.09,25.99,3.0,,,,,
1951-06-01,,,,,,,,,,,344.09,25.93,3.2,,,,,
1951-07-01,,,,,,,,,,,351.385,25.91,3.1,,,,,
1951-08-01,,,,,,,,,,,351.385,25.86,3.1,,,,,
1951-09-01,,,,,,,,,,,351.385,26.03,3.3,,,,,
1951-10-01,,,,,,,,,,,356.178,26.16,3.5,,,,,
1951-11-01,,,,,,,,,,,356.178,26.32,3.5,,,,,
1951-12-01,,,,,,,,,,,356.178,26.47,3.1,,,,,
1952-01-01,,,,,,,,,,,359.82,26.45,3.2,,,,,
1952-02-01,,,,,,,,,,,359.82,26.41,3.1,,,,,
1952-03-01,,,,,,,,,,,359.82,26.39,2.9,,,,,
1952-04-01,,,,,,,,,,,361.03,26.46,2.9,,,,,
1952-05-01,,,,,,,,,,,361.03,26.47,3.0,,,,,
1952-06-01,,,,,,,,,,,361.03,26.53,3.0,,,,,
1952-07-01,,,,,,,,,,,367.701,26.68,3.2,,,,,
1952-08-01,,,,,,,,,,,367.701,26.69,3.4,,,,,
1952-09-01,,,,,,,,,,,367.701,26.63,3.1,,,,,
1952-10-01,,,,,,,,,,,380.812,26.69,3.0,,,,,
1952-11-01,,,,,,,,,,,380.812,26.69,2.8,,,,,
1952-12-01,,,,,,,,,,,380.812,26.71,2.7,,,,,
1953-01-01,,,,,,,,,,,387.98,26.64,2.9,,,,,
1953-02-01,,,,,,,,,,,387.98,26.59,2.6,,,,,
1953-03-01,,,,,,,,,,,387.98,26.63,2.6,,,,,
1953-04-01,,,,,,,,,,,391.749,26.69,2.7,,,,,
1953-05-01,,,,,,,,,,,391.749,26.7,2.5,,,,,
1953-06-01,,,,,,,,,,,391.749,26.77,2.5,,,,,
1953-07-01,,,,,,,,,,,391.171,26.79,2.6,,,,,
1953-08-01,,,,,,,,,,,391.171,26.85,2.7,,,,,
1953-09-01,,,,,,,,,,,391.171,26.89,2.9,,,,,
1953-10-01,,,,,,,,,,,385.97,26.95,3.1,,,,,
1953-11-01,,,,,,,,,,,385.97,26.85,3.5,,,,,
1953-12-01,,,,,,,,,,,385.97,26.87,4.5,,,,,
1954-01-01,,,,,,,,,,,385.345,26.94,4.9,,,,,
1954-02-01,,,,,,,,,,,385.345,26.99,5.2,,,,,
1954-03-01,,,,,,,,,,,385.345,26.93,5.7,,,,,
1954-04-01,,,,,,,,,,,386.121,26.86,5.9,,,,,
1954-05-01,,,,,,,,,,,386.121,26.93,5.9,,,,,
1954-06-01,,,,,,,,,,,386.121,26.94,5.6,,,,,
1954-07-01,,,,,,,,,,,390.996,26.86,5.8,,,,,
1954-08-01,,,,,,,,,,,390.996,26.85,6.0,,,,,
1954-09-01,,,,,,,,,,,390.996,26.81,6.1,,,,,
1954-10-01,,,,,,,,,,,399.734,26.72,5.7,,,,,
1954-11-01,,,,,,,,,,,399.734,26.78,5.3,,,,,
1954-12-01,,,,,,,,,,,399.734,26.77,5.0,,,,,
1955-01-01,,,,,,,,,,,413.073,26.77,4.9,,,,,
1955-02-01,,,,,,,,,,,413.073,26.82,4.7,,,,,
1955-03-01,,,,,,,,,,,413.073,26.79,4.6,,,,,
1955-04-01,,,,,,,,,,,421.532,26.79,4.7,,,,,
1955-05-01,,,,,,,,,,,421.532,26.77,4.3,,,,,
1955-06-01,,,,,,,,,,,421.532,26.71,4.2,,,,,
1955-07-01,,,,,,,,,,,430.221,26.76,4.0,,,,,
1955-08-01,,,,,,,,3.25,,,430.221,26.72,4.2,,,,,
1955-09-01,,,,,,,,3.25,,,430.221,26.85,4.1,,,,,
1955-10-01,,,,,,,,3.5,,,437.092,26.82,4.3,,,,,
1955-11-01,,,,,,,,3.5,,,437.092,26.88,4.2,,,,,
1955-12-01,,,,,,,,3.5,,,437.092,26.87,4.2,,,,,
1956-01-01,,,,,,,,3.5,,,439.746,26.83,4.0,,,,,
1956-02-01,,,,,,,,3.5,,,439.746,26.86,3.9,,,,,
1956-03-01,,,,,,,,3.5,,,439.746,26.89,4.2,,,,,
1956-04-01,,,,,,,,3.75,,,446.01,26.93,4.0,,,,,
1956-05-01,,,,,,,,3.75,,,446.01,27.03,4.3,,,,,
1956-06-01,,,,,,,,3.75,,,446.01,27.15,4.3,,,,,
1956-07-01,,,,,,,,3.75,,,451.191,27.29,4.4,,,,,
1956-08-01,,,,,,,,4.0,,,451.191,27.31,4.1,,,,,
1956-09-01,,,,,,,,4.0,,,451.191,27.35,3.9,,,,,
1956-10-01,,,,,,,,4.0,,,460.463,27.51,3.9,,,,,
1956-11-01,,,,,,,,4.0,,,460.463,27.51,4.3,,,,,
1956-12-01,,,,,,,,4.0,,,460.463,27.63,4.2,,,,,
1957-01-01,,,,,,,,4.0,,,469.779,27.67,4.2,,,,,
1957-02-01,,,,,,,,4.0,,,469.779,27.8,3.9,,,,,
1957-03-01,,,,,,,,4.0,,,469.779,27.86,3.7,,,,,
1957-04-01,,,,,,,,4.0,,,472.025,27.93,3.9,,,,,
1957-05-01,,,,,,,,4.0,,,472.025,28.0,4.1,,,,,
1957-06-01,,,,,,,,4.0,,,472.025,28.11,4.3,,,,,
1957-07-01,,,,,,,,4.0,,,479.49,28.19,4.2,,,,,
1957-08-01,,,,,,,,4.5,,,479.49,28.28,4.1,,,,,
1957-09-01,,,,,,,,4.5,,,479.49,28.32,4.4,,,,,
1957-10-01,,,,,,,,4.5,,,474.864,28.32,4.5,,,,,
1957-11-01,,,,,,,,4.5,,,474.864,28.41,5.1,,,,,
1957-12-01,,,,,,,,4.5,,,474.864,28.47,5.2,,,,,
1958-01-01,,,,,,,,4.0,,,467.54,28.64,5.8,,,,,
1958-02-01,,,,,,,,4.0,,,467.54,28.7,6.4,,,,,
1958-03-01,,,,,,,,4.0,,,467.54,28.87,6.7,,,,,
1958-04-01,,,,,,,,3.5,,,471.978,28.94,7.4,,,,,
1958-05-01,,,,,,,,3.5,,,471.978,28.94,7.4,,,,,
1958-06-01,,,,,,,,3.5,,,471.978,28.91,7.3,,,,,
1958-07-01,,,,,,,,3.5,,,485.841,28.89,7.5,,,,,
1958-08-01,,,,,,,,3.5,,,485.841,28.94,7.4,,,,,
1958-09-01,,,,,,,,4.0,,,485.841,28.91,7.1,,,,,
1958-10-01,,,,,,,,4.0,,,499.555,28.91,6.7,,,,,
1958-11-01,,,,,,,,4.0,,,499.555,28.95,6.2,,,,,
1958-12-01,,,,,,,,4.0,,,499.555,28.97,6.2,,,,,
1959-01-01,,,,,,,0.248,4.0,,,510.33,29.01,6.0,175818.0,,,,
1959-02-01,,,,,,,0.248,4.0,,,510.33,29.0,5.9,176044.0,,,,
1959-03-01,,,,,,,0.248,4.0,,,510.33,28.97,5.6,176274.0,,,,
1959-04-01,,,,,,,0.248,4.0,,,522.653,28.98,5.2,176503.0,,,,
1959-05-01,,,,,,,0.248,4.5,,,522.653,29.04,5.1,176723.0,,,,
1959-06-01,,,,,,,0.248,4.5,,,522.653,29.11,5.0,176954.0,,,,
1959-07-01,,,,,,,0.248,4.5,,,525.034,29.15,5.1,177208.0,,,,
1959-08-01,,,,,,,0.248,4.5,,,525.034,29.18,5.2,177479.0,,,,
1959-09-01,,,,,,,0.248,5.0,,,525.034,29.25,5.5,177755.0,,,,
1959-10-01,,,,,,,0.248,5.0,,,528.6,29.35,5.7,178026.0,,,,
1959-11-01,,,,,,,0.248,5.0,,,528.6,29.35,5.8,178273.0,,,,
1959-12-01,,,,,,,0.248,5.0,,,528.6,29.41,5.3,178504.0,,,,
1960-01-01,,,,,,,0.345,5.0,,,542.648,29.37,5.2,178925.0,,,,
1960-02-01,,,,,,,0.345,5.0,,,542.648,29.41,4.8,179326.0,,,,
1960-03-01,,,,,,,0.345,5.0,,,542.648,29.41,5.4,179707.0,,,,
1960-04-01,,,,,,,0.345,5.0,,,541.08,29.54,5.2,180067.0,,,,
1960-05-01,,,,,,,0.345,5.0,,,541.08,29.57,5.1,180408.0,,,,
1960-06-01,,,,,,,0.345,5.0,,,541.08,29.61,5.4,180728.0,,,,
1960-07-01,,,,,,,0.345,5.0,,,545.604,29.55,5.5,181028.0,,,,
1960-08-01,,,,,,,0.345,4.5,,,545.604,29.61,5.6,181308.0,,,,
1960-09-01,,,,,,,0.345,4.5,,,545.604,29.61,5.5,181567.0,,,,
1960-10-01,,,,,,,0.345,4.5,,,540.197,29.75,6.1,181807.0,,,,
1960-11-01,,,,,,,0.345,4.5,,,540.197,29.78,6.1,182026.0,,,,
1960-12-01,,,,,,,0.345,4.5,,,540.197,29.81,6.6,182225.0,,,,
1961-01-01,,,,,,,0.418,4.5,,,545.018,29.84,6.6,182404.0,,,,
1961-02-01,,,,,,,0.418,4.5,,,545.018,29.84,6.9,182631.0,,,,
1961-03-01,,,,,,,0.418,4.5,,,545.018,29.84,6.9,182867.0,,,,
1961-04-01,,,,,,,0.418,4.5,,,555.545,29.81,7.0,183105.0,,,,
1961-05-01,,,,,,,0.418,4.5,,,555.545,29.84,7.1,183335.0,,,,
1961-06-01,,,,,,,0.418,4.5,,,555.545,29.84,6.9,183572.0,,,,
1961-07-01,,,,,,,0.418,4.5,,,567.664,29.92,7.0,183825.0,,,,
1961-08-01,,,,,,,0.418,4.5,,,567.664,29.94,6.6,184101.0,,,,
1961-09-01,,,,,,,0.418,4.5,,,567.664,29.98,6.7,184384.0,,,,
1961-10-01,,,,,,,0.418,4.5,,,580.612,29.98,6.5,184654.0,,,,
1961-11-01,,,,,,,0.418,4.5,,,580.612,29.98,6.1,184900.0,,,,
1961-12-01,,,,,,,0.418,4.5,,,580.612,30.01,6.0,185129.0,,,,
1962-01-01,,,,,,,0.521,4.5,4.083181818181818,,594.013,30.04,5.8,185347.0,,,,
1962-02-01,,,,,,,0.521,4.5,4.039444444444444,,594.013,30.11,5.5,185551.0,,,,
1962-03-01,,,,,,,0.521,4.5,3.930454545454545,,594.013,30.17,5.6,185762.0,,,,
1962-04-01,,,,,,,0.521,4.5,3.843,,600.366,30.21,5.6,185981.0,,,,
1962-05-01,,,,,,,0.521,4.5,3.8736363636363635,,600.366,30.24,5.5,186201.0,,,,
1962-06-01,,,,,,,0.521,4.5,3.909047619047619,,600.366,30.21,5.5,186426.0,,,,
1962-07-01,,,,,,,0.521,4.5,4.014285714285714,,609.027,30.22,5.4,186664.0,,,,
1962-08-01,,,,,,,0.521,4.5,3.9756521739130433,,609.027,30.28,5.7,186924.0,,,,
1962-09-01,,,,,,,0.521,4.5,3.978947368421052,,609.027,30.42,5.6,187191.0,,,,
1962-10-01,,,,,,,0.521,4.5,3.9254545454545453,,612.28,30.38,5.4,187449.0,,,,
1962-11-01,,,,,,,0.521,4.5,3.9157894736842107,,612.28,30.38,5.7,187685.0,,,,
1962-12-01,,,,,,,0.521,4.5,3.8645000000000005,,612.28,30.38,5.5,187905.0,,,,
1963-01-01,,17800.0,19300.0,,,,0.705,4.5,3.833636363636364,,621.672,30.44,5.7,188113.0,,,,
1963-02-01,,17800.0,19300.0,,,,0.705,4.5,3.921111111111111,,621.672,30.48,5.9,188300.0,,,,
1963-03-01,,17800.0,19300.0,,,,0.705,4.5,3.9285714285714284,,621.672,30.51,5.7,188484.0,,,,
1963-04-01,,18000.0,19400.0,,,,0.705,4.5,3.970952380952381,,629.752,30.48,5.7,188685.0,,,,
1963-05-01,,18000.0,19400.0,,,,0.705,4.5,3.93,,629.752,30.51,5.9,188904.0,,,,
1963-06-01,,18000.0,19400.0,,,,0.705,4.5,3.993,,629.752,30.61,5.6,189130.0,,,,
1963-07-01,,17900.0,19200.0,,,,0.705,4.5,4.0204545454545455,,644.444,30.69,5.6,189369.0,,,,
1963-08-01,,17900.0,19200.0,,,,0.705,4.5,4.002272727272727,,644.444,30.75,5.4,189629.0,,,,
1963-09-01,,17900.0,19200.0,,,,0.705,4.5,4.0775,,644.444,30.72,5.5,189895.0,,,,
1963-10-01,,18500.0,19600.0,,,,0.705,4.5,4.106086956521739,,653.938,30.75,5.5,190147.0,,,,
1963-11-01,,18500.0,19600.0,,,,0.705,4.5,4.121764705882353,,653.938,30.78,5.7,190369.0,,,,
1963-12-01,,18500.0,19600.0,,,,0.705,4.5,4.128571428571429,,653.938,30.88,5.5,190570.0,,,,
1964-01-01,,18500.0,19600.0,,,,1.001,4.5,4.166818181818182,,669.822,30.94,5.6,190763.0,,,,
1964-02-01,,18500.0,19600.0,,,,1.001,4.5,4.145555555555556,,669.822,30.91,5.4,190953.0,,,,
1964-03-01,,18500.0,19600.0,,,,1.001,4.5,4.2195238095238095,,669.822,30.94,5.4,191146.0,,,,
1964-04-01,,18900.0,20200.0,,,,1.001,4.5,4.232272727272727,,678.674,30.95,5.3,191346.0,,,,
1964-05-01,,18900.0,20200.0,,,,1.001,4.5,4.2,,678.674,30.98,5.1,191557.0,,,,
1964-06-01,,18900.0,20200.0,,,,1.001,4.5,4.170000000000001,,678.674,31.01,5.2,191778.0,,,,
1964-07-01,,18900.0,20500.0,,,,1.001,4.5,4.1859090909090915,,692.031,31.02,4.9,192010.0,,,,
1964-08-01,,18900.0,20500.0,,,,1.001,4.5,4.1938095238095245,,692.031,31.05,5.0,192254.0,,,,
1964-09-01,,18900.0,20500.0,,,,1.001,4.5,4.203809523809523,,692.031,31.08,5.1,192504.0,,,,
1964-10-01,,19400.0,20900.0,,,,1.001,4.5,4.188095238095238,,697.319,31.12,5.1,192739.0,,,,
1964-11-01,,19400.0,20900.0,,,,1.001,4.5,4.152777777777778,,697.319,31.21,4.8,192943.0,,,,
1964-12-01,,19400.0,20900.0,,,,1.001,4.5,4.179545454545455,,697.319,31.25,5.0,193131.0,,,,
1965-01-01,,20200.0,21500.0,,62.9,,0.841,4.5,4.189500000000001,,717.79,31.28,4.9,193308.0,,,,
1965-02-01,,20200.0,21500.0,,62.9,,0.841,4.5,4.211111111111111,,717.79,31.28,5.1,193467.0,,,,
1965-03-01,,20200.0,21500.0,,62.9,,0.841,4.5,4.210434782608695,,717.79,31.31,4.7,193625.0,,,,
1965-04-01,,19800.0,21000.0,,62.9,,0.841,4.5,4.203809523809523,,730.191,31.38,4.8,193799.0,,,,
1965-05-01,,19800.0,21000.0,,62.9,,0.841,4.5,4.2115,,730.191,31.48,4.6,193988.0,,,,
1965-06-01,,19800.0,21000.0,,62.9,,0.841,4.5,4.213181818181819,,730.191,31.61,4.6,194195.0,,,,
1965-07-01,,20200.0,21600.0,,62.9,,0.841,4.5,4.204761904761905,,749.323,31.58,4.4,194416.0,,,,
1965-08-01,,20200.0,21600.0,,62.9,,0.841,4.5,4.252272727272727,,749.323,31.55,4.4,194645.0,,,,
1965-09-01,,20200.0,21600.0,,62.9,,0.841,4.5,4.29047619047619,,749.323,31.62,4.3,194879.0,,,,
1965-10-01,,20300.0,21700.0,,63.4,,0.841,4.5,4.3495,,771.857,31.65,4.2,195096.0,,,,
1965-11-01,,20300.0,21700.0,,63.4,,0.841,4.5,4.448947368421052,,771.857,31.75,4.1,195284.0,,,,
1965-12-01,,20300.0,21700.0,,63.4,,0.841,5.0,4.615454545454546,,771.857,31.85,4.0,195456.0,,,,
1966-01-01,,21000.0,22700.0,,63.5,,0.858,5.0,4.612380952380953,,795.734,31.88,4.0,195614.0,,,,
1966-02-01,,21000.0,22700.0,,63.5,,0.858,5.0,4.832105263157895,,795.734,32.08,3.8,195760.0,,,,
1966-03-01,,21000.0,22700.0,,63.5,,0.858,5.5,4.8734782608695655,,795.734,32.18,3.8,195915.0,,,,
1966-04-01,,22100.0,23200.0,,63.2,,0.858,5.5,4.75,,804.981,32.28,3.8,196089.0,,,,
1966-05-01,,22100.0,23200.0,,63.2,,0.858,5.5,4.7785714285714285,,804.981,32.35,3.9,196275.0,,,,
1966-06-01,,22100.0,23200.0,,63.2,,0.858,5.75,4.8145454545454545,,804.981,32.38,3.8,196466.0,,,,
1966-07-01,,21500.0,23000.0,,63.3,,0.858,5.75,5.018,,819.638,32.45,3.8,196661.0,,,,
1966-08-01,,21500.0,23000.0,,63.3,,0.858,6.0,5.224347826086956,,819.638,32.65,3.8,196873.0,,,,
1966-09-01,,21500.0,23000.0,,63.3,,0.858,6.0,5.182380952380952,,819.638,32.75,3.7,197096.0,,,,
1966-10-01,,21400.0,22800.0,,63.8,,0.858,6.0,5.0115,,833.302,32.85,3.7,197303.0,,,,
1966-11-01,,21400.0,22800.0,,63.8,,0.858,6.0,5.155263157894737,,833.302,32.88,3.6,197485.0,,,,
1966-12-01,,21400.0,22800.0,,63.8,,0.858,6.0,4.842857142857143,,833.302,32.92,3.8,197654.0,,,,
1967-01-01,,22300.0,24000.0,,63.3,,1.051,5.75,4.579047619047619,,844.17,32.9,3.9,197814.0,,,,
1967-02-01,,22300.0,24000.0,,63.3,,1.051,5.75,4.626666666666667,,844.17,33.0,3.8,197965.0,,,,
1967-03-01,,22300.0,24000.0,,63.3,,1.051,5.5,4.541818181818182,,844.17,33.0,3.8,198122.0,,,,
1967-04-01,,23300.0,24200.0,,63.9,,1.051,5.5,4.593500000000001,,848.983,33.1,3.8,198287.0,,,,
1967-05-01,,23300.0,24200.0,,63.9,,1.051,5.5,4.847727272727273,,848.983,33.1,3.8,198452.0,,,,
1967-06-01,,23300.0,24200.0,,63.9,,1.051,5.5,5.0227272727272725,,848.983,33.3,3.9,198627.0,,,,
1967-07-01,,22500.0,23900.0,,63.8,,1.051,5.5,5.159000000000001,,865.233,33.4,3.8,198812.0,,,,
1967-08-01,,22500.0,23900.0,,63.8,,1.051,5.5,5.275652173913044,,865.233,33.5,3.8,199012.0,,,,
1967-09-01,,22500.0,23900.0,,63.8,,1.051,5.5,5.3020000000000005,,865.233,33.6,3.8,199212.0,,,,
1967-10-01,,22900.0,24400.0,,63.5,,1.051,5.5,5.480952380952381,,881.439,33.7,4.0,199405.0,,,,
1967-11-01,,22900.0,24400.0,,63.5,,1.051,6.0,5.7535,,881.439,33.9,3.9,199578.0,,,,
1967-12-01,,22900.0,24400.0,,63.5,,1.051,6.0,5.699,,881.439,34.0,3.8,199733.0,,,,
1968-01-01,,23900.0,25400.0,,63.6,,1.125,6.0,5.528636363636363,,909.387,34.1,3.7,199864.0,,,,
1968-02-01,,23900.0,25400.0,,63.6,,1.125,6.0,5.563684210526316,,909.387,34.2,3.8,199988.0,,,,
1968-03-01,,23900.0,25400.0,,63.6,,1.125,6.0,5.74,,909.387,34.3,3.7,200132.0,,,,
1968-04-01,,24900.0,26700.0,,64.1,,1.125,6.5,5.6385,,934.344,34.4,3.5,200285.0,,,,
1968-05-01,,24900.0,26700.0,,64.1,,1.125,6.5,5.869545454545454,,934.344,34.5,3.5,200449.0,,,,
1968-06-01,,24900.0,26700.0,,64.1,,1.125,6.5,5.718,,934.344,34.7,3.7,200621.0,,,,
1968-07-01,,24800.0,26600.0,,64.1,,1.125,6.5,5.495454545454546,,950.825,34.9,3.7,200802.0,,,,
1968-08-01,,24800.0,26600.0,,64.1,,1.125,6.5,5.420454545454546,,950.825,35.0,3.5,200997.0,,,,
1968-09-01,,24800.0,26600.0,,64.1,,1.125,6.25,5.46,,950.825,35.1,3.4,201193.0,,,,
1968-10-01,,25600.0,27000.0,,63.6,,1.125,6.25,5.5826086956521745,,968.03,35.3,3.4,201378.0,,,,
1968-11-01,,25600.0,27000.0,,63.6,,1.125,6.25,5.696111111111112,,968.03,35.4,3.4,201544.0,,,,
1968-12-01,,25600.0,27000.0,,63.6,,1.125,6.625,6.031904761904762,,968.03,35.6,3.4,201691.0,,,,
1969-01-01,,25700.0,27600.0,,64.1,,1.336,7.0,6.041818181818181,,993.337,35.7,3.4,201821.0,,,,
1969-02-01,,25700.0,27600.0,,64.1,,1.336,7.0,6.1889473684210525,,993.337,35.8,3.4,201952.0,,,,
1969-03-01,,25700.0,27600.0,,64.1,,1.336,7.5,6.296,,993.337,36.1,3.4,202092.0,,,,
1969-04-01,,25900.0,28100.0,,64.4,,1.336,7.5,6.173333333333333,,1009.02,36.3,3.4,202246.0,,,,
1969-05-01,,25900.0,28100.0,,64.4,,1.336,7.5,6.323333333333333,,1009.02,36.4,3.4,202419.0,,,,
1969-06-01,,25900.0,28100.0,,64.4,,1.336,8.5,6.574285714285715,,1009.02,36.6,3.5,202592.0,,,,
1969-07-01,,25900.0,28100.0,,64.4,,1.336,8.5,6.71952380952381,,1029.956,36.8,3.5,202777.0,,,,
1969-08-01,,25900.0,28100.0,,64.4,,1.336,8.5,6.691428571428572,,1029.956,36.9,3.5,202984.0,,,,
1969-09-01,,25900.0,28100.0,,64.4,,1.336,8.5,7.159523809523809,,1029.956,37.1,3.7,203196.0,,,,
1969-10-01,,24900.0,27100.0,,64.4,,1.336,8.5,7.095454545454545,,1038.147,37.3,3.7,203401.0,,,,
1969-11-01,,24900.0,27100.0,,64.4,,1.336,8.5,7.144117647058824,,1038.147,37.5,3.5,203588.0,,,,
1969-12-01,,24900.0,27100.0,,64.4,,1.336,8.5,7.654090909090908,,1038.147,37.7,3.5,203762.0,,,,
1970-01-01,,23900.0,27000.0,,64.3,,2.403,8.5,7.794761904761905,,1051.2,37.9,3.9,203929.0,,,,
1970-02-01,,23900.0,27000.0,,64.3,,2.403,8.5,7.238333333333333,,1051.2,38.1,4.2,204082.0,,,,
1970-03-01,,23900.0,27000.0,,64.3,,2.403,8.0,7.072857142857143,,1051.2,38.3,4.4,204246.0,,,,
1970-04-01,,24400.0,27300.0,,64.0,,2.403,8.0,7.390909090909091,,1067.375,38.5,4.6,204504.0,,,,
1970-05-01,,24400.0,27300.0,,64.0,,2.403,8.0,7.906190476190476,,1067.375,38.6,4.8,204719.0,,,,
1970-06-01,,24400.0,27300.0,,64.0,,2.403,8.0,7.841818181818183,,1067.375,38.8,4.9,204941.0,,,,
1970-07-01,,23000.0,26000.0,,64.4,,2.403,8.0,7.457272727272727,,1086.059,38.9,5.0,205174.0,,,,
1970-08-01,,23000.0,26000.0,,64.4,,2.403,8.0,7.527142857142857,,1086.059,39.0,5.1,205418.0,,,,
1970-09-01,,23000.0,26000.0,,64.4,,2.403,7.5,7.38952380952381,,1086.059,39.2,5.4,205664.0,,,,
1970-10-01,,22600.0,26300.0,,64.0,,2.403,7.5,7.326666666666667,,1088.608,39.4,5.5,205906.0,,,,
1970-11-01,,22600.0,26300.0,,64.0,,2.403,7.125,6.841111111111111,,1088.608,39.6,5.9,206131.0,,,,
1970-12-01,,22600.0,26300.0,,64.0,,2.403,6.75,6.391363636363636,,1088.608,39.8,6.1,206352.0,,,,
1971-01-01,,24300.0,27300.0,,64.0,,3.207,6.25,6.2385,,1135.156,39.9,5.9,206567.0,,,,
1971-02-01,,24300.0,27300.0,,64.0,,3.207,5.75,6.112222222222222,,1135.156,39.9,5.9,206762.0,,,,
1971-03-01,,24300.0,27300.0,,64.0,,3.207,5.375,5.7034782608695656,,1135.156,40.0,6.0,206960.0,,,,
1971-04-01,7.31,25800.0,28600.0,,64.1,,3.207,5.5,5.833809523809524,,1156.271,40.1,5.9,207163.0,,,,
1971-05-01,7.425,25800.0,28600.0,,64.1,,3.207,5.5,6.3925,,1156.271,40.3,5.9,207361.0,,,,
1971-06-01,7.529999999999999,25800.0,28600.0,,64.1,,3.207,5.5,6.522272727272727,,1156.271,40.5,5.9,207562.0,,,,
1971-07-01,7.604000000000001,25300.0,28300.0,,64.4,,3.207,6.0,6.729523809523809,,1177.675,40.6,6.0,207771.0,,,,
1971-08-01,7.6975,25300.0,28300.0,,64.4,,3.207,6.0,6.582727272727272,,1177.675,40.7,6.1,207998.0,,,,
1971-09-01,7.6875,25300.0,28300.0,,64.4,,3.207,6.0,6.13952380952381,,1177.675,40.8,6.0,208230.0,,,,
1971-10-01,7.628,25500.0,28200.0,,64.5,,3.207,5.75,5.925789473684211,,1190.297,40.9,5.8,208450.0,,,,
1971-11-01,7.55,25500.0,28200.0,,64.5,,3.207,5.5,5.8100000000000005,,1190.297,41.0,6.0,208648.0,,,,
1971-12-01,7.4799999999999995,25500.0,28200.0,,64.5,,3.207,5.25,5.926363636363636,,1190.297,41.1,6.0,208829.0,,,,
1972-01-01,7.4375,26200.0,29000.0,,64.3,,3.859,4.875,5.947619047619048,,1230.609,41.2,5.8,208989.0,,,,
1972-02-01,7.324999999999999,26200.0,29000.0,,64.3,,3.859,4.5,6.081,,1230.609,41.4,5.7,209137.0,,,,
1972-03-01,7.298,26200.0,29000.0,,64.3,,3.859,4.875,6.068636363636363,,1230.609,41.4,5.8,209299.0,,,,
1972-04-01,7.29,26800.0,29400.0,,64.5,,3.859,4.875,6.1945,,1266.369,41.5,5.7,209466.0,,,,
1972-05-01,7.3725000000000005,26800.0,29400.0,,64.5,,3.859,4.875,6.126363636363636,,1266.369,41.6,5.7,209635.0,,,,
1972-06-01,7.372,26800.0,29400.0,,64.5,,3.859,5.25,6.1068181818181815,,1266.369,41.7,5.7,209811.0,,,,
1972-07-01,7.3950000000000005,27900.0,30300.0,,64.3,,3.859,5.25,6.113,,1290.566,41.8,5.6,209986.0,,,,
1972-08-01,7.4,27900.0,30300.0,,64.3,,3.859,5.5,6.210434782608695,,1290.566,41.9,5.6,210177.0,,,,
1972-09-01,7.42,27900.0,30300.0,,64.3,,3.859,5.5,6.5495,,1290.566,42.1,5.5,210379.0,,,,
1972-10-01,7.42,29200.0,31600.0,,64.4,,3.859,5.75,6.4795,,1328.904,42.2,5.6,210568.0,,,,
1972-11-01,7.4275,29200.0,31600.0,,64.4,,3.859,5.75,6.2805,,1328.904,42.4,5.3,210739.0,,,,
1972-12-01,7.442,29200.0,31600.0,,64.4,,3.859,6.0,6.3585,,1328.904,42.5,5.2,210903.0,,,,
1973-01-01,7.4375,30200.0,32800.0,,64.9,,4.203,6.0,6.464545454545455,,1377.49,42.7,4.9,211053.0,,,,
1973-02-01,7.4399999999999995,30200.0,32800.0,,64.9,,4.203,6.25,6.635555555555555,,1377.49,43.0,5.0,211187.0,,,,
1973-03-01,7.458,30200.0,32800.0,,64.9,,4.203,6.5,6.709090909090909,,1377.49,43.4,4.9,211337.0,,,,
1973-04-01,7.5424999999999995,32700.0,35100.0,,64.4,,4.203,6.75,6.6685,,1413.887,43.7,5.0,211499.0,,,,
1973-05-01,7.6525,32700.0,35100.0,,64.4,,4.203,7.125,6.847272727272727,,1413.887,43.9,4.9,211662.0,,,,
1973-06-01,7.734,32700.0,35100.0,,64.4,,4.203,7.625,6.9,,1413.887,44.2,4.9,211828.0,,,,
1973-07-01,8.05,33500.0,35900.0,,64.4,,4.203,8.375,7.130952380952381,,1433.838,44.2,4.8,212001.0,,,,
1973-08-01,8.496,33500.0,35900.0,,64.4,,4.203,9.375,7.404782608695652,,1433.838,45.0,4.8,212191.0,,,,
1973-09-01,8.815,33500.0,35900.0,,64.4,,4.203,10.0,7.090526315789473,,1433.838,45.2,4.8,212382.0,,,,
1973-10-01,8.77,34000.0,36600.0,,64.4,,4.203,9.625,6.7942857142857145,,1476.289,45.6,4.6,212555.0,,,,
1973-11-01,8.581999999999999,34000.0,36600.0,,64.4,,4.203,9.625,6.7284999999999995,,1476.289,45.9,4.8,212710.0,,,,
1973-12-01,8.5375,34000.0,36600.0,,64.4,,4.203,9.75,6.7436842105263155,,1476.289,46.3,4.9,212859.0,,,,
1974-01-01,8.54,35200.0,38000.0,,64.8,,4.559,9.5,6.988636363636363,,1491.209,46.8,5.1,213003.0,,,,
1974-02-01,8.455,35200.0,38000.0,,64.8,,4.559,9.0,6.957222222222223,,1491.209,47.3,5.2,213143.0,,,,
1974-03-01,8.406,35200.0,38000.0,,64.8,,4.559,9.0,7.2090476190476185,,1491.209,47.8,5.1,213286.0,,,,
1974-04-01,8.5825,35600.0,38600.0,,64.8,,4.559,9.875,7.512380952380952,,1530.056,48.1,5.1,213437.0,,,,
1974-05-01,8.972,35600.0,38600.0,,64.8,,4.559,11.125,7.57590909090909,,1530.056,48.6,5.1,213600.0,,,,
1974-06-01,9.085,35600.0,38600.0,,64.8,,4.559,11.75,7.535500000000001,,1530.056,49.0,5.4,213770.0,,,,
1974-07-01,9.28,36200.0,39000.0,,64.6,,4.559,12.0,7.805000000000001,,1560.026,49.3,5.5,213948.0,,,,
1974-08-01,9.586,36200.0,39000.0,,64.6,,4.559,12.0,8.04409090909091,,1560.026,49.9,5.5,214144.0,,,,
1974-09-01,9.9575,36200.0,39000.0,,64.6,,4.559,12.0,8.0375,,1560.026,50.6,5.9,214349.0,,,,
1974-10-01,9.9775,37200.0,39300.0,,64.4,,4.559,11.5,7.8968181818181815,,1599.679,51.0,6.0,214538.0,,,,
1974-11-01,9.788,37200.0,39300.0,,64.4,,4.559,10.666666666666666,7.681111111111111,,1599.679,51.5,6.6,214704.0,,,,
1974-12-01,9.615,37200.0,39300.0,,64.4,,4.559,10.666666666666666,7.433809523809523,,1599.679,51.9,7.2,214857.0,,,,
1975-01-01,9.431999999999999,38100.0,40900.0,,64.4,,5.327,9.75,7.501363636363636,,1616.116,52.3,8.1,214998.0,,,,
1975-02-01,9.105,38100.0,40900.0,,64.4,,5.327,8.75,7.392222222222222,,1616.116,52.6,8.1,215132.0,,,,
1975-03-01,8.9025,38100.0,40900.0,,64.4,,5.327,7.875,7.728,,1616.116,52.8,8.6,215276.0,,,,
1975-04-01,8.82,39000.0,42600.0,,64.9,,5.327,7.875,8.226818181818182,,1651.853,53.0,8.8,215438.0,,,,
1975-05-01,8.906,39000.0,42600.0,,64.9,,5.327,7.25,8.05952380952381,,1651.853,53.1,9.0,215646.0,,,,
1975-06-01,8.8925,39000.0,42600.0,,64.9,,5.327,7.0,7.860952380952382,,1651.853,53.5,8.8,215871.0,,,,
1975-07-01,8.89,38800.0,42200.0,,64.6,,5.327,7.375,8.061363636363636,,1709.82,54.0,8.6,216084.0,,,,
1975-08-01,8.942,38800.0,42200.0,,64.6,,5.327,7.75,8.397619047619047,,1709.82,54.2,8.4,216294.0,,,,
1975-09-01,9.13,38800.0,42200.0,,64.6,,5.327,8.0,8.426666666666668,,1709.82,54.6,8.4,216490.0,,,,
1975-10-01,9.224,41200.0,44400.0,,64.5,,5.327,7.75,8.137727272727274,,1761.831,54.9,8.4,216679.0,,,,
1975-11-01,9.145,41200.0,44400.0,,64.5,,5.327,7.5,8.052941176470588,,1761.831,55.3,8.3,216851.0,,,,
1975-12-01,9.0975,41200.0,44400.0,,64.5,,5.327,7.25,7.996818181818182,,1761.831,55.6,8.2,217013.0,,,,
1976-01-01,9.016,42800.0,46000.0,,64.6,,6.3,6.875,7.742380952380953,,1820.487,55.8,7.9,217172.0,,,,
1976-02-01,8.8125,42800.0,46000.0,,64.6,,6.3,6.875,7.792777777777778,,1820.487,55.9,7.7,217315.0,,,,
1976-03-01,8.754999999999999,42800.0,46000.0,,64.6,,6.3,6.875,7.734347826086956,,1820.487,56.0,7.6,217455.0,,,,
1976-04-01,8.73,44200.0,47800.0,,64.6,,6.3,6.875,7.564285714285714,,1852.332,56.1,7.7,217607.0,,,,
1976-05-01,8.765,44200.0,47800.0,,64.6,,6.3,6.875,7.8950000000000005,,1852.332,56.4,7.4,217773.0,,,,
1976-06-01,8.8475,44200.0,47800.0,,64.6,,6.3,7.125,7.861363636363635,,1852.332,56.7,7.6,217948.0,,,,
1976-07-01,8.934000000000001,44400.0,48100.0,,64.9,,6.3,7.125,7.831904761904762,,1886.558,57.0,7.8,218134.0,,,,
1976-08-01,9.0,44400.0,48100.0,,64.9,,6.3,7.0,7.768636363636364,,1886.558,57.3,7.8,218337.0,,,,
1976-09-01,8.977500000000001,44400.0,48100.0,,64.9,,6.3,7.0,7.594285714285713,,1886.558,57.6,7.6,218542.0,,,,
1976-10-01,8.93,45500.0,50300.0,,64.8,,6.3,6.625,7.411,,1934.273,57.9,7.7,218739.0,,,,
1976-11-01,8.8125,45500.0,50300.0,,64.8,,6.3,6.625,7.291052631578947,,1934.273,58.1,7.8,218920.0,,,,
1976-12-01,8.792,45500.0,50300.0,,64.8,,6.3,6.25,6.869090909090909,,1934.273,58.4,7.8,219093.0,,,,
1977-01-01,8.7225,46300.0,51600.0,,64.8,,6.825,6.25,7.213333333333333,,1988.648,58.7,7.5,219262.0,,,,
1977-02-01,8.67,46300.0,51600.0,,64.8,,6.825,6.25,7.3910526315789475,7.754444444444443,1988.648,59.3,7.6,219424.0,,,,
1977-03-01,8.6875,46300.0,51600.0,,64.8,,6.825,6.25,7.460000000000001,7.796086956521739,1988.648,59.6,7.4,219594.0,,,,
1977-04-01,8.751999999999999,48900.0,54300.0,,64.5,,6.825,6.25,7.3705,7.7345,2055.909,60.0,7.2,219772.0,,,,
1977-05-01,8.8275,48900.0,54300.0,,64.5,,6.825,6.625,7.456666666666667,7.798095238095238,2055.909,60.2,7.0,219953.0,,,,
1977-06-01,8.8575,48900.0,54300.0,,64.5,,6.825,6.625,7.275454545454545,7.635909090909092,2055.909,60.5,7.2,220143.0,,,,
1977-07-01,8.941999999999998,48800.0,54000.0,,65.0,,6.825,6.625,7.330000000000001,7.644736842105263,2118.473,60.8,6.9,220349.0,,,,
1977-08-01,8.94,48800.0,54000.0,,65.0,,6.825,7.0,7.396521739130435,7.683478260869565,2118.473,61.1,7.0,220573.0,,,,
1977-09-01,8.896,48800.0,54000.0,,65.0,,6.825,7.25,7.343809523809524,7.643333333333333,2118.473,61.3,6.8,220796.0,,,,
1977-10-01,8.9225,51600.0,57500.0,,64.9,,6.825,7.625,7.5235,7.774500000000001,2164.27,61.6,6.8,221007.0,,,,
1977-11-01,8.9225,51600.0,57500.0,,64.9,,6.825,7.625,7.577368421052632,7.846842105263158,2164.27,62.0,6.8,221206.0,,,,
1977-12-01,8.959999999999999,51600.0,57500.0,,64.9,,6.825,7.625,7.685238095238095,7.940476190476191,2164.27,62.3,6.4,221390.0,,,,
1978-01-01,9.015,53000.0,59300.0,,64.8,,7.395,8.0,7.956190476190477,8.17952380952381,2202.76,62.7,6.4,221553.0,,,,
1978-02-01,9.145,53000.0,59300.0,,64.8,,7.395,8.0,8.033333333333333,8.254444444444445,2202.76,63.0,6.3,221711.0,,,,
1978-03-01,9.202000000000002,53000.0,59300.0,,64.8,,7.395,8.0,8.03590909090909,8.23409090909091,2202.76,63.4,6.3,221892.0,,,,
1978-04-01,9.355,55300.0,61600.0,,64.4,,7.395,8.0,8.154,8.34,2331.633,63.9,6.1,222084.0,,,,
1978-05-01,9.5725,55300.0,61600.0,,64.4,,7.395,8.375,8.345714285714285,8.434761904761904,2331.633,64.5,6.0,222278.0,,,,
1978-06-01,9.708,55300.0,61600.0,,64.4,,7.395,8.875,8.462272727272728,8.500454545454545,2331.633,65.0,5.9,222482.0,,,,
1978-07-01,9.74,56100.0,63500.0,,65.2,,7.395,8.875,8.64,8.6495,2395.053,65.5,6.2,222697.0,,,,
1978-08-01,9.785,56100.0,63500.0,,65.2,,7.395,8.875,8.410869565217391,8.473478260869564,2395.053,65.9,5.9,222933.0,,,,
1978-09-01,9.756,56100.0,63500.0,,65.2,,7.395,9.5,8.416500000000001,8.471,2395.053,66.5,6.0,223168.0,,,,
1978-10-01,9.8575,59000.0,66400.0,,65.4,,7.395,10.125,8.642380952380952,8.66904761904762,2476.949,67.1,5.8,223383.0,,,,
1978-11-01,10.1075,59000.0,66400.0,,65.4,,7.395,10.9375,8.805,8.7515,2476.949,67.5,5.9,223585.0,,,,
1978-12-01,10.346,59000.0,66400.0,,65.4,,7.395,11.75,9.006499999999999,8.8845,2476.949,67.9,6.0,223781.0,,,,
1979-01-01,10.39,60600.0,68300.0,,64.8,,9.079,11.75,9.099545454545455,8.93818181818182,2526.61,68.5,5.9,223973.0,,,,
1979-02-01,10.4075,60600.0,68300.0,,64.8,,9.079,11.75,9.098333333333333,9.000555555555556,2526.61,69.2,5.9,224150.0,,,,
1979-03-01,10.425999999999998,60600.0,68300.0,,64.8,,9.079,11.75,9.117272727272727,9.030909090909091,2526.61,69.9,5.8,224333.0,,,,
1979-04-01,10.4975,63100.0,72400.0,,64.9,,9.079,11.75,9.181999999999999,9.0845,2591.247,70.6,5.8,224529.0,,,,
1979-05-01,10.69,63100.0,72400.0,,64.9,,9.079,11.75,9.252380952380953,9.193333333333333,2591.247,71.4,5.6,224734.0,,,,
1979-06-01,11.036,63100.0,72400.0,,64.9,,9.079,11.5,8.913809523809524,8.923333333333332,2591.247,72.2,5.7,224948.0,,,,
1979-07-01,11.092500000000001,64700.0,74200.0,,65.8,,9.079,11.75,8.95,8.931904761904761,2667.565,73.0,5.7,225174.0,,,,
1979-08-01,11.094,64700.0,74200.0,,65.8,,9.079,12.125,9.029565217391305,8.977826086956522,2667.565,73.7,6.0,225419.0,,,,
1979-09-01,11.3,64700.0,74200.0,,65.8,,9.079,13.125,9.334736842105263,9.168947368421053,2667.565,74.4,5.9,225662.0,,,,
1979-10-01,11.6375,62600.0,72700.0,,65.4,,9.079,14.75,10.299090909090909,9.847727272727273,2723.883,75.2,6.0,225893.0,,,,
1979-11-01,12.830000000000002,62600.0,72700.0,,65.4,,9.079,15.5,10.653157894736841,10.300526315789474,2723.883,76.0,5.9,226120.0,,,,
1979-12-01,12.9,62600.0,72700.0,,65.4,,9.079,15.25,10.386,10.123999999999999,2723.883,76.9,6.0,226339.0,,,,
1980-01-01,12.8775,63700.0,73600.0,,65.5,,10.801,15.25,10.802272727272728,10.595,2789.842,78.0,6.3,226554.0,,,,
1980-02-01,13.040000000000001,63700.0,73600.0,,65.5,,10.801,16.333333333333332,12.414736842105263,12.133157894736842,2789.842,79.0,6.3,226753.0,,,,
1980-03-01,15.2825,63700.0,73600.0,,65.5,,10.801,18.4,12.74904761904762,12.33904761904762,2789.842,80.1,6.3,226955.0,,,,
1980-04-01,16.325000000000003,64000.0,74400.0,,65.5,,10.801,19.75,11.473333333333333,11.4,2797.352,80.9,6.9,227156.0,,,,
1980-05-01,14.262,64000.0,74400.0,,65.5,,10.801,16.2,10.181428571428572,10.361428571428572,2797.352,81.7,7.5,227387.0,,,,
1980-06-01,12.71,64000.0,74400.0,,65.5,,10.801,12.5,9.778095238095238,9.813333333333333,2797.352,82.5,7.6,227624.0,,,,
1980-07-01,12.192499999999999,64900.0,77500.0,,65.8,,10.801,11.25,10.247727272727273,10.238636363636363,2856.483,82.6,7.8,227840.0,,,,
1980-08-01,12.559999999999999,64900.0,77500.0,,65.8,,10.801,11.375,11.101904761904763,11.00095238095238,2856.483,83.2,7.7,228070.0,,,,
1980-09-01,13.1975,64900.0,77500.0,,65.8,,10.801,12.4375,11.508571428571429,11.33952380952381,2856.483,83.9,7.5,228302.0,,,,
1980-10-01,13.791999999999998,66400.0,80000.0,,65.5,,10.801,14.0,11.751363636363635,11.585909090909091,2985.557,84.7,7.5,228515.0,,,,
1980-11-01,14.205,66400.0,80000.0,,65.5,,10.801,16.625,12.68470588235294,12.369411764705882,2985.557,85.6,7.5,228696.0,,,,
1980-12-01,14.79,66400.0,80000.0,,65.5,,10.801,20.0,12.844090909090909,12.395454545454545,2985.557,86.4,7.2,228858.0,,,,
1981-01-01,14.904,66800.0,80900.0,,65.6,84.7,12.055,20.25,12.568571428571428,12.142857142857142,3124.206,87.2,7.5,229004.0,,,,
1981-02-01,15.1325,66800.0,80900.0,,65.6,85.2,12.055,19.25,13.194444444444445,12.802222222222222,3124.206,88.0,7.4,229148.0,,,,
1981-03-01,15.4,66800.0,80900.0,,65.6,85.9,12.055,17.7,13.115909090909092,12.68590909090909,3124.206,88.6,7.4,229314.0,,,,
1981-04-01,15.58,69400.0,84300.0,,65.3,86.5,12.055,17.5,13.67952380952381,13.196190476190477,3162.532,89.1,7.2,229489.0,,,,
1981-05-01,16.402,69400.0,84300.0,,65.3,87.1,12.055,19.75,14.0995,13.602500000000001,3162.532,89.7,7.5,229668.0,,,,
1981-06-01,16.695,69400.0,84300.0,,65.3,87.6,12.055,20.0,13.472272727272726,12.960454545454546,3162.532,90.5,7.5,229864.0,,,,
1981-07-01,16.832,69200.0,83800.0,,65.6,87.9,12.055,20.5,14.280909090909091,13.588636363636363,3260.609,91.5,7.2,230077.0,,,,
1981-08-01,17.285,69200.0,83800.0,,65.6,88.8,12.055,20.5,14.937142857142858,14.167619047619047,3260.609,92.2,7.4,230300.0,,,,
1981-09-01,18.16,69200.0,83800.0,,65.6,89.5,12.055,19.75,15.323809523809524,14.666666666666666,3260.609,93.1,7.6,230527.0,,,,
1981-10-01,18.454,70400.0,83700.0,,65.2,90.0,12.055,18.5,15.14809523809524,14.684285714285714,3280.818,93.4,7.9,230732.0,,,,
1981-11-01,17.825,70400.0,83700.0,,65.2,90.6,12.055,16.75,13.392777777777777,13.352777777777778,3280.818,93.8,8.3,230906.0,,,,
1981-12-01,16.945999999999998,70400.0,83700.0,,65.2,91.3,12.055,15.75,13.724545454545455,13.454545454545455,3280.818,94.1,8.5,231073.0,,,,
1982-01-01,17.485,66400.0,81200.0,,64.8,91.9,13.512,15.75,14.594,14.224,3274.302,94.4,8.6,231235.0,,,,
1982-02-01,17.5975,66400.0,81200.0,,64.8,92.3,13.512,16.666666666666668,14.425555555555556,14.219444444444443,3274.302,94.7,8.9,231392.0,,,,
1982-03-01,17.16,66400.0,81200.0,,64.8,92.9,13.512,16.666666666666668,13.861304347826087,13.533043478260868,3274.302,94.7,9.0,231558.0,,,,
1982-04-01,16.892,69600.0,85700.0,,64.9,93.2,13.512,16.666666666666668,13.871904761904762,13.367142857142856,3331.972,95.0,9.3,231727.0,,,,
1982-05-01,16.677500000000002,69600.0,85700.0,,64.9,93.8,13.512,16.666666666666668,13.622499999999999,13.242500000000001,3331.972,95.9,9.4,231901.0,,,,
1982-06-01,16.697499999999998,69600.0,85700.0,,64.9,94.3,13.512,16.666666666666668,14.299545454545454,13.923636363636364,3331.972,97.0,9.6,232090.0,,,,
1982-07-01,16.816,69300.0,83900.0,,64.9,95.0,13.512,15.75,13.946190476190477,13.550952380952381,3366.322,97.5,9.8,232290.0,,,,
1982-08-01,16.27,69300.0,83900.0,,64.9,95.5,13.512,14.25,13.055,12.767727272727273,3366.322,97.7,9.8,232496.0,,,,
1982-09-01,15.43,69300.0,83900.0,,64.9,95.7,13.512,14.25,12.33904761904762,12.065714285714286,3366.322,97.7,10.1,232708.0,,,,
1982-10-01,14.608,71600.0,84600.0,,64.5,96.5,13.512,12.5,10.9065,11.168,3402.561,98.1,10.4,232905.0,,,,
1982-11-01,13.825,71600.0,84600.0,,64.5,97.0,13.512,11.5,10.550526315789474,10.542105263157895,3402.561,98.0,10.8,233077.0,,,,
1982-12-01,13.624,71600.0,84600.0,,64.5,97.4,13.512,11.5,10.54,10.539090909090909,3402.561,97.7,10.8,233241.0,,,,
1983-01-01,13.2475,73300.0,86700.0,,64.7,98.0,14.223,11.0,10.457142857142857,10.630476190476191,3473.413,97.9,10.4,233398.0,,,,
1983-02-01,13.0425,73300.0,86700.0,,64.7,98.5,14.223,10.5,10.724736842105264,10.880526315789472,3473.413,98.0,10.4,233543.0,,,,
1983-03-01,12.8,73300.0,86700.0,,64.7,98.8,14.223,10.5,10.506521739130434,10.63304347826087,3473.413,98.1,10.3,233697.0,,,,
1983-04-01,12.782,74900.0,89100.0,,64.7,99.3,14.223,10.5,10.4,10.477,3578.848,98.8,10.2,233852.0,,,,
1983-05-01,12.6325,74900.0,89100.0,,64.7,99.5,14.223,10.5,10.379999999999999,10.528095238095238,3578.848,99.2,10.1,234020.0,,,,
1983-06-01,12.870000000000001,74900.0,89100.0,,64.7,99.9,14.223,10.5,10.848636363636363,10.932727272727274,3578.848,99.4,10.1,234213.0,,,,
1983-07-01,13.422,77400.0,92500.0,,64.8,100.2,14.223,10.5,11.376999999999999,11.395,3689.179,99.8,9.4,234404.0,,,,
1983-08-01,13.81,77400.0,92500.0,,64.8,100.6,14.223,11.0,11.846086956521738,11.816086956521739,3689.179,100.1,9.5,234601.0,,,,
1983-09-01,13.725999999999999,77400.0,92500.0,,64.8,101.1,14.223,11.0,11.653809523809523,11.633333333333335,3689.179,100.4,9.2,234804.0,,,,
1983-10-01,13.535,75900.0,90800.0,,64.4,101.3,14.223,11.0,11.541,11.577,3794.706,100.8,8.8,234993.0,,,,
1983-11-01,13.435,75900.0,90800.0,,64.4,101.7,14.223,11.0,11.690000000000001,11.74578947368421,3794.706,101.1,8.5,235157.0,,,,
1983-12-01,13.419999999999998,75900.0,90800.0,,64.4,102.1,14.223,11.0,11.82952380952381,11.881428571428572,3794.706,101.4,8.3,235310.0,,,,
1984-01-01,13.3675,78200.0,94700.0,,64.6,102.5,15.219,11.0,11.674285714285714,11.75095238095238,3908.054,102.1,8.0,235456.0,60420.0,22420.0,,
1984-02-01,13.2325,78200.0,94700.0,,64.6,102.9,15.219,11.0,11.842105263157896,11.949473684210526,3908.054,102.6,7.8,235601.0,60420.0,22420.0,,
1984-03-01,13.386000000000001,78200.0,94700.0,,64.6,103.5,15.219,11.5,12.319090909090908,12.383636363636363,3908.054,102.9,7.8,235757.0,60420.0,22420.0,,
1984-04-01,13.6525,80700.0,99200.0,,64.6,104.3,15.219,12.0,12.6335,12.6495,4009.601,103.3,7.7,235916.0,60420.0,22420.0,,
1984-05-01,13.942499999999999,80700.0,99200.0,,64.6,104.6,15.219,12.5,13.408636363636363,13.42590909090909,4009.601,103.5,7.4,236077.0,60420.0,22420.0,,
1984-06-01,14.416,80700.0,99200.0,,64.6,105.1,15.219,13.0,13.562857142857142,13.439523809523811,4009.601,103.7,7.2,236254.0,60420.0,22420.0,,
1984-07-01,14.6675,81000.0,98500.0,,64.6,105.6,15.219,13.0,13.362380952380953,13.210952380952381,4084.25,104.1,7.5,236449.0,60420.0,22420.0,,
1984-08-01,14.469999999999999,81000.0,98500.0,,64.6,106.1,15.219,13.0,12.716086956521737,12.539565217391305,4084.25,104.4,7.5,236655.0,60420.0,22420.0,,
1984-09-01,14.35,81000.0,98500.0,,64.6,106.5,15.219,12.75,12.522631578947369,12.293157894736842,4084.25,104.7,7.3,236868.0,60420.0,22420.0,,
1984-10-01,14.129999999999999,79900.0,97800.0,,64.1,107.0,15.219,12.25,12.160454545454543,11.983181818181817,4148.551,105.1,7.4,237068.0,60420.0,22420.0,,
1984-11-01,13.638,79900.0,97800.0,,64.1,107.4,15.219,11.5,11.572631578947368,11.560526315789474,4148.551,105.3,7.2,237238.0,60420.0,22420.0,,
1984-12-01,13.18,79900.0,97800.0,,64.1,108.1,15.219,10.75,11.499500000000001,11.5175,4148.551,105.5,7.3,237392.0,60420.0,22420.0,,
1985-01-01,13.075,82800.0,98500.0,,64.1,108.5,16.52,10.5,11.384285714285713,11.452857142857143,4230.168,105.7,7.3,237535.0,61570.0,23620.0,,
1985-02-01,12.92,82800.0,98500.0,,64.1,109.2,16.52,10.5,11.508888888888889,11.47,4230.168,106.3,7.2,237667.0,61570.0,23620.0,,
1985-03-01,13.169999999999998,82800.0,98500.0,,64.1,109.7,16.52,10.5,11.855238095238096,11.812857142857142,4230.168,106.8,7.2,237816.0,61570.0,23620.0,,
1985-04-01,13.195,84300.0,100500.0,,64.1,110.2,16.52,10.5,11.434761904761904,11.46809523809524,4294.887,107.0,7.3,237987.0,61570.0,23620.0,,
1985-05-01,12.913999999999998,84300.0,100500.0,,64.1,111.0,16.52,10.0,10.84681818181818,11.04590909090909,4294.887,107.2,7.2,238172.0,61570.0,23620.0,,
1985-06-01,12.215,84300.0,100500.0,,64.1,111.6,16.52,9.5,10.156,10.445,4294.887,107.5,7.4,238368.0,61570.0,23620.0,,
1985-07-01,12.032499999999999,83200.0,100500.0,,63.9,112.0,16.52,9.5,10.306818181818182,10.496363636363636,4386.773,107.7,7.4,238573.0,61570.0,23620.0,,
1985-08-01,12.186,83200.0,100500.0,,63.9,112.6,16.52,9.5,10.331818181818182,10.559545454545455,4386.773,107.9,7.1,238789.0,61570.0,23620.0,,
1985-09-01,12.1925,83200.0,100500.0,,63.9,113.0,16.52,9.5,10.373157894736842,10.611052631578948,4386.773,108.1,7.1,239006.0,61570.0,23620.0,,
1985-10-01,12.135,86800.0,103800.0,,63.5,113.8,16.52,9.5,10.236818181818181,10.500909090909092,4444.094,108.5,7.1,239210.0,61570.0,23620.0,,
1985-11-01,11.784,86800.0,103800.0,,63.5,114.6,16.52,9.5,9.781578947368422,10.061578947368421,4444.094,109.0,7.0,239392.0,61570.0,23620.0,,
1985-12-01,11.26,86800.0,103800.0,,63.5,115.0,16.52,9.5,9.25904761904762,9.537142857142857,4444.094,109.5,7.0,239558.0,61570.0,23620.0,,
1986-01-01,10.886,88000.0,106300.0,,63.6,115.4,17.02,9.5,9.193809523809524,9.396190476190476,4507.894,109.9,6.7,239713.0,63850.0,24900.0,,
1986-02-01,10.71,88000.0,106300.0,,63.6,115.6,17.02,9.5,8.704210526315789,8.928947368421053,4507.894,109.7,7.2,239858.0,63850.0,24900.0,,
1986-03-01,10.08,88000.0,106300.0,,63.6,116.4,17.02,9.0,7.778499999999999,7.9595,4507.894,109.1,7.2,240011.0,63850.0,24900.0,,
1986-04-01,9.9375,92100.0,112000.0,,63.8,117.6,17.02,8.5,7.29909090909091,7.386363636363637,4545.34,108.7,7.1,240183.0,63850.0,24900.0,,
1986-05-01,10.144,92100.0,112000.0,,63.8,117.8,17.02,8.5,7.70952380952381,7.517142857142858,4545.34,109.0,7.2,240365.0,63850.0,24900.0,,
1986-06-01,10.6825,92100.0,112000.0,,63.8,118.2,17.02,8.5,7.7995238095238095,7.573333333333333,4545.34,109.4,7.2,240555.0,63850.0,24900.0,,
1986-07-01,10.5075,93000.0,114400.0,,63.8,118.9,17.02,8.0,7.303181818181818,7.272272727272727,4607.669,109.5,7.0,240753.0,63850.0,24900.0,,
1986-08-01,10.2,93000.0,114400.0,,63.8,119.0,17.02,7.5,7.1657142857142855,7.326190476190476,4607.669,109.6,6.9,240961.0,63850.0,24900.0,,
1986-09-01,10.0075,93000.0,114400.0,,63.8,119.4,17.02,7.5,7.447619047619048,7.62047619047619,4607.669,110.0,7.0,241171.0,63850.0,24900.0,,
1986-10-01,9.974,95000.0,115600.0,,63.9,120.0,17.02,7.5,7.426363636363636,7.695454545454546,4657.627,110.2,7.0,241371.0,63850.0,24900.0,,
1986-11-01,9.695,95000.0,115600.0,,63.9,120.4,17.02,7.5,7.250555555555555,7.515000000000001,4657.627,110.4,6.9,241544.0,63850.0,24900.0,,
1986-12-01,9.31,95000.0,115600.0,,63.9,120.7,17.02,7.5,7.112727272727272,7.371363636363636,4657.627,110.8,6.6,241702.0,63850.0,24900.0,,
1987-01-01,9.203999999999999,97900.0,120800.0,63.732,63.8,121.2,16.963,7.5,7.0845,7.386,4722.156,111.4,6.6,241857.0,64650.0,26060.0,,
1987-02-01,9.0825,97900.0,120800.0,64.131,63.8,121.6,16.963,7.5,7.2505263157894735,7.539999999999999,4722.156,111.8,6.6,242005.0,64650.0,26060.0,,
1987-03-01,9.035,97900.0,120800.0,64.467,63.8,122.0,16.963,7.5,7.248636363636364,7.551363636363636,4722.156,112.2,6.6,242166.0,64650.0,26060.0,,
1987-04-01,9.8325,103400.0,126100.0,64.972,63.8,122.2,16.963,7.75,8.022857142857143,8.252380952380953,4806.16,112.7,6.3,242338.0,64650.0,26060.0,,
1987-05-01,10.596,103400.0,126100.0,65.546,63.8,122.5,16.963,8.125,8.613,8.78,4806.16,113.0,6.3,242516.0,64650.0,26060.0,,
1987-06-01,10.5375,103400.0,126100.0,66.217,63.8,122.5,16.963,8.125,8.402272727272727,8.569545454545455,4806.16,113.5,6.2,242706.0,64650.0,26060.0,,
1987-07-01,10.278,106000.0,129900.0,66.785,64.2,123.0,16.963,8.125,8.44681818181818,8.635909090909092,4884.555,113.8,6.1,242908.0,64650.0,26060.0,,
1987-08-01,10.33,106000.0,129900.0,67.269,64.2,123.8,16.963,8.125,8.76047619047619,8.97,4884.555,114.3,6.0,243118.0,64650.0,26060.0,,
1987-09-01,10.8875,106000.0,129900.0,67.623,64.2,124.2,16.963,8.75,9.421904761904763,9.591904761904763,4884.555,114.7,5.9,243335.0,64650.0,26060.0,,
1987-10-01,11.26,111500.0,133500.0,67.902,64.1,124.6,16.963,9.125,9.520000000000001,9.614285714285714,5007.994,115.0,6.0,243543.0,64650.0,26060.0,,
1987-11-01,10.65,111500.0,133500.0,68.092,64.1,124.6,16.963,8.75,8.860526315789473,8.952105263157895,5007.994,115.4,5.8,243724.0,64650.0,26060.0,,
1987-12-01,10.64,111500.0,133500.0,68.344,64.1,125.5,16.963,8.75,8.987727272727271,9.120000000000001,5007.994,115.6,5.7,243895.0,64650.0,26060.0,,
1988-01-01,10.3825,110000.0,137900.0,68.583,63.7,125.9,18.09,8.75,8.66578947368421,8.826315789473684,5073.372,116.0,5.7,244056.0,65130.0,27230.0,,
1988-02-01,9.8925,110000.0,137900.0,68.916,63.7,126.2,18.09,8.5,8.212,8.431999999999999,5073.372,116.2,5.7,244205.0,65130.0,27230.0,,
1988-03-01,9.93,110000.0,137900.0,69.325,63.7,126.6,18.09,8.5,8.373478260869565,8.630869565217392,5073.372,116.5,5.7,244362.0,65130.0,27230.0,,
1988-04-01,10.202,110000.0,134800.0,69.789,63.7,126.9,18.09,8.5,8.7185,8.9525,5190.036,117.2,5.4,244528.0,65130.0,27230.0,,
1988-05-01,10.455,110000.0,134800.0,70.408,63.7,127.2,18.09,9.0,9.08904761904762,9.231904761904762,5190.036,117.5,5.6,244708.0,65130.0,27230.0,,
1988-06-01,10.46,110000.0,134800.0,71.066,63.7,127.6,18.09,9.0,8.921363636363637,8.997727272727273,5190.036,118.0,5.4,244914.0,65130.0,27230.0,,
1988-07-01,10.432,115000.0,141500.0,71.684,64.0,127.9,18.09,9.5,9.056000000000001,9.14,5282.835,118.5,5.4,245131.0,65130.0,27230.0,,
1988-08-01,10.5975,115000.0,141500.0,72.183,64.0,128.4,18.09,10.0,9.260434782608696,9.315652173913042,5282.835,119.0,5.6,245352.0,65130.0,27230.0,,
1988-09-01,10.48,115000.0,141500.0,72.572,64.0,128.9,18.09,10.0,8.977142857142857,9.055714285714286,5282.835,119.5,5.4,245579.0,65130.0,27230.0,,
1988-10-01,10.3025,113900.0,140400.0,72.82,63.8,129.1,18.09,10.0,8.7955,8.8945,5399.509,119.9,5.4,245789.0,65130.0,27230.0,,
1988-11-01,10.265,113900.0,140400.0,73.063,63.8,129.5,18.09,10.5,8.9625,9.020999999999999,5399.509,120.3,5.3,245970.0,65130.0,27230.0,,
1988-12-01,10.612,113900.0,140400.0,73.276,63.8,129.9,18.09,10.5,9.105714285714285,9.005238095238095,5399.509,120.7,5.3,246140.0,65130.0,27230.0,,
1989-01-01,10.73,118000.0,144300.0,73.616,63.9,130.4,19.162,10.5,9.0915,8.927,5511.253,121.2,5.4,246301.0,66240.0,28910.0,,
1989-02-01,10.645,118000.0,144300.0,73.967,63.9,130.9,19.162,11.25,9.168947368421053,9.01,5511.253,121.6,5.2,246454.0,66240.0,28910.0,,
1989-03-01,11.032,118000.0,144300.0,74.41,63.9,131.2,19.162,11.25,9.357727272727272,9.165454545454546,5511.253,122.2,5.0,246626.0,66240.0,28910.0,,
1989-04-01,11.05,118900.0,146800.0,74.867,63.8,131.6,19.162,11.25,9.1755,9.025,5612.463,123.1,5.2,246814.0,66240.0,28910.0,,
1989-05-01,10.7725,118900.0,146800.0,75.295,63.8,132.0,19.162,11.25,8.85909090909091,8.832272727272727,5612.463,123.7,5.2,247010.0,66240.0,28910.0,,
1989-06-01,10.196,118900.0,146800.0,75.694,63.8,132.6,19.162,11.0,8.277272727272727,8.266363636363637,5612.463,124.1,5.3,247228.0,66240.0,28910.0,,
1989-07-01,9.8825,120000.0,150200.0,76.039,64.1,133.0,19.162,10.5,8.0185,8.078999999999999,5695.365,124.5,5.2,247458.0,66240.0,28910.0,,
1989-08-01,9.985,120000.0,150200.0,76.269,64.1,133.5,19.162,10.5,8.112608695652174,8.12217391304348,5695.365,124.5,5.2,247695.0,66240.0,28910.0,,
1989-09-01,10.126000000000001,120000.0,150200.0,76.418,64.1,133.7,19.162,10.5,8.1905,8.1545,5695.365,124.8,5.3,247942.0,66240.0,28910.0,,
1989-10-01,9.9475,124800.0,151200.0,76.485,63.8,134.4,19.162,10.5,8.007619047619048,7.9990476190476185,5747.237,125.4,5.3,248174.0,66240.0,28910.0,,
1989-11-01,9.7675,124800.0,151200.0,76.518,63.8,135.0,19.162,10.5,7.8742857142857146,7.902380952380952,5747.237,125.9,5.4,248380.0,66240.0,28910.0,,
1989-12-01,9.744,124800.0,151200.0,76.496,63.8,135.3,19.162,10.5,7.836,7.8965000000000005,5747.237,126.3,5.4,248569.0,66240.0,28910.0,,
1990-01-01,9.895,123900.0,149500.0,76.527,64.0,135.8,20.066,10.0,8.206666666666667,8.258571428571429,5872.701,127.5,5.4,248743.0,65440.0,29940.0,,
1990-02-01,10.1975,123900.0,149500.0,76.587,64.0,136.1,20.066,10.0,8.473157894736843,8.503684210526316,5872.701,128.0,5.3,248920.0,65440.0,29940.0,,
1990-03-01,10.268,123900.0,149500.0,76.79,64.0,136.7,20.066,10.0,8.588636363636363,8.56318181818182,5872.701,128.6,5.2,249146.0,65440.0,29940.0,,
1990-04-01,10.370000000000001,126800.0,151200.0,77.039,63.7,137.2,20.066,10.0,8.7855,8.756,5960.028,128.9,5.4,249436.0,65440.0,29940.0,,
1990-05-01,10.4775,126800.0,151200.0,77.297,63.7,137.6,20.066,10.0,8.758181818181818,8.731363636363637,5960.028,129.1,5.4,249707.0,65440.0,29940.0,,
1990-06-01,10.164,126800.0,151200.0,77.504,63.7,138.2,20.066,10.0,8.48,8.457619047619048,5960.028,129.9,5.2,249990.0,65440.0,29940.0,,
1990-07-01,10.035,117000.0,145500.0,77.559,64.0,138.7,20.066,10.0,8.471428571428572,8.498095238095239,6015.116,130.5,5.5,250285.0,65440.0,29940.0,,
1990-08-01,10.1,117000.0,145500.0,77.478,64.0,139.3,20.066,10.0,8.752608695652174,8.863478260869565,6015.116,131.6,5.7,250595.0,65440.0,29940.0,,
1990-09-01,10.175,117000.0,145500.0,77.227,64.0,139.7,20.066,10.0,8.893157894736841,9.028947368421052,6015.116,132.5,5.9,250904.0,65440.0,29940.0,,
1990-10-01,10.1775,121500.0,150100.0,76.911,64.1,140.2,20.066,10.0,8.719545454545456,8.857727272727272,6004.733,133.4,5.9,251201.0,65440.0,29940.0,,
1990-11-01,10.014,121500.0,150100.0,76.379,64.1,140.5,20.066,10.0,8.392,8.5405,6004.733,133.7,6.2,251486.0,65440.0,29940.0,,
1990-12-01,9.6725,121500.0,150100.0,75.97,64.1,141.0,20.066,10.0,8.075,8.237,6004.733,134.2,6.3,251758.0,65440.0,29940.0,,
1991-01-01,9.6375,120000.0,151100.0,75.532,63.9,141.2,21.563,9.5,8.091904761904763,8.26952380952381,6035.178,134.7,6.4,252012.0,63530.0,30130.0,,
1991-02-01,9.365,120000.0,151100.0,75.248,63.9,141.6,21.563,9.0,7.854736842105264,8.034210526315789,6035.178,134.8,6.6,252253.0,63530.0,30130.0,,
1991-03-01,9.5,120000.0,151100.0,75.133,63.9,142.1,21.563,9.0,8.11,8.288,6035.178,134.8,6.8,252507.0,63530.0,30130.0,,
1991-04-01,9.4925,119900.0,148200.0,75.315,63.9,142.6,21.563,9.0,8.039090909090909,8.209545454545456,6126.862,135.1,6.7,252778.0,63530.0,30130.0,,
1991-05-01,9.472,119900.0,148200.0,75.764,63.9,143.0,21.563,8.5,8.067727272727273,8.267272727272728,6126.862,135.6,6.9,253060.0,63530.0,30130.0,,
1991-06-01,9.615,119900.0,148200.0,76.252,63.9,143.2,21.563,8.5,8.284,8.472,6126.862,136.0,6.9,253350.0,63530.0,30130.0,,
1991-07-01,9.575,120000.0,145400.0,76.512,64.2,143.7,21.563,8.5,8.272727272727273,8.452272727272726,6205.937,136.2,6.8,253650.0,63530.0,30130.0,,
1991-08-01,9.244,120000.0,145400.0,76.589,64.2,143.7,21.563,8.5,7.9,8.143636363636363,6205.937,136.6,6.9,253966.0,63530.0,30130.0,,
1991-09-01,9.0075,120000.0,145400.0,76.574,64.2,144.4,21.563,8.0,7.65,7.948,6205.937,137.0,6.9,254280.0,63530.0,30130.0,,
1991-10-01,8.855,120000.0,144400.0,76.286,64.2,144.4,21.563,8.0,7.527272727272727,7.930454545454546,6264.54,137.2,7.0,254576.0,63530.0,30130.0,,
1991-11-01,8.712,120000.0,144400.0,76.028,64.2,144.8,21.563,7.5,7.417368421052632,7.92157894736842,6264.54,137.8,7.0,254841.0,63530.0,30130.0,,
1991-12-01,8.497499999999999,120000.0,144400.0,75.838,64.2,145.1,21.563,6.5,7.088571428571429,7.701904761904762,6264.54,138.2,7.3,255089.0,63530.0,30130.0,,
1992-01-01,8.431999999999999,119500.0,144500.0,75.702,64.0,145.4,23.002,6.5,7.032380952380953,7.581904761904762,6363.102,138.3,7.3,255331.0,63010.0,30640.0,,
1992-02-01,8.7625,119500.0,144500.0,75.657,64.0,145.7,23.002,6.5,7.337894736842105,7.854736842105264,6363.102,138.6,7.4,255576.0,63010.0,30640.0,,
1992-03-01,8.935,119500.0,144500.0,75.815,64.0,146.5,23.002,6.5,7.542272727272728,7.969545454545455,6363.102,139.1,7.4,255848.0,63010.0,30640.0,,
1992-04-01,8.8525,120000.0,145300.0,76.08,63.9,146.2,23.002,6.5,7.480476190476191,7.962380952380952,6470.763,139.4,7.4,256139.0,63010.0,30640.0,,
1992-05-01,8.672,120000.0,145300.0,76.397,63.9,146.5,23.002,6.5,7.392,7.891,6470.763,139.7,7.6,256437.0,63010.0,30640.0,,
1992-06-01,8.51,120000.0,145300.0,76.601,63.9,146.7,23.002,6.5,7.261818181818182,7.841818181818183,6470.763,140.1,7.8,256742.0,63010.0,30640.0,,
1992-07-01,8.128,120000.0,141700.0,76.71,64.3,147.0,23.002,6.0,6.844545454545455,7.598181818181818,6566.641,140.5,7.7,257063.0,63010.0,30640.0,,
1992-08-01,7.975,120000.0,141700.0,76.731,64.3,147.0,23.002,6.0,6.585714285714286,7.39047619047619,6566.641,140.8,7.6,257390.0,63010.0,30640.0,,
1992-09-01,7.922499999999999,120000.0,141700.0,76.628,64.3,147.1,23.002,6.0,6.415238095238095,7.3409523809523805,6566.641,141.1,7.6,257704.0,63010.0,30640.0,,
1992-10-01,8.088,126000.0,147200.0,76.598,64.4,147.9,23.002,6.0,6.589047619047619,7.531904761904761,6680.803,141.7,7.3,258004.0,63010.0,30640.0,,
1992-11-01,8.305,126000.0,147200.0,76.579,64.4,148.4,23.002,6.0,6.873157894736842,7.606842105263158,6680.803,142.1,7.4,258280.0,63010.0,30640.0,,
1992-12-01,8.206,126000.0,147200.0,76.464,64.4,148.5,23.002,6.0,6.77,7.4363636363636365,6680.803,142.3,7.4,258546.0,63010.0,30640.0,,
1993-01-01,7.9925,125000.0,144700.0,76.395,64.2,148.9,26.069,6.0,6.6000000000000005,7.341578947368421,6729.459,142.8,7.3,258799.0,62700.0,31240.0,,
1993-02-01,7.6825,125000.0,144700.0,76.327,64.2,149.1,26.069,6.0,6.258947368421053,7.0894736842105255,6729.459,143.1,7.1,259036.0,62700.0,31240.0,,
1993-03-01,7.495,125000.0,144700.0,76.382,64.2,149.1,26.069,6.0,5.975217391304348,6.821739130434783,6729.459,143.3,7.0,259283.0,62700.0,31240.0,,
1993-04-01,7.4719999999999995,127000.0,148900.0,76.66,64.4,149.7,26.069,6.0,5.9695238095238095,6.854285714285714,6808.939,143.8,7.1,259547.0,62700.0,31240.0,,
1993-05-01,7.465,127000.0,148900.0,77.029,64.4,150.0,26.069,6.0,6.0355,6.919,6808.939,144.2,7.1,259822.0,62700.0,31240.0,,
1993-06-01,7.4175,127000.0,148900.0,77.516,64.4,150.4,26.069,6.0,5.962727272727273,6.807272727272727,6808.939,144.3,7.0,260109.0,62700.0,31240.0,,
1993-07-01,7.206,127000.0,148000.0,77.885,64.7,150.4,26.069,6.0,5.805238095238095,6.6257142857142854,6882.098,144.5,6.9,260411.0,62700.0,31240.0,,
1993-08-01,7.1125,127000.0,148000.0,78.131,64.7,150.8,26.069,6.0,5.677727272727273,6.323181818181817,6882.098,144.8,6.8,260717.0,62700.0,31240.0,,
1993-09-01,6.915,127000.0,148000.0,78.199,64.7,151.0,26.069,6.0,5.36,5.997142857142857,6882.098,145.0,6.7,261015.0,62700.0,31240.0,,
1993-10-01,6.8340000000000005,127000.0,148300.0,78.173,64.6,151.3,26.069,6.0,5.334,5.939,7013.738,145.6,6.8,261294.0,62700.0,31240.0,,
1993-11-01,7.155,127000.0,148300.0,78.171,64.6,151.5,26.069,6.0,5.724,6.21,7013.738,146.0,6.6,261550.0,62700.0,31240.0,,
1993-12-01,7.172,127000.0,148300.0,78.114,64.6,151.9,26.069,6.0,5.774090909090909,6.251818181818181,7013.738,146.3,6.5,261796.0,62700.0,31240.0,,
1994-01-01,7.0600000000000005,130000.0,153600.0,78.198,63.8,152.2,27.915,6.0,5.750500000000001,6.2909999999999995,7115.652,146.3,6.6,262021.0,63370.0,32260.0,,
1994-02-01,7.1525,130000.0,153600.0,78.204,63.8,152.7,27.915,6.0,5.9731578947368416,6.490526315789474,7115.652,146.7,6.6,262237.0,63370.0,32260.0,,
1994-03-01,7.675,130000.0,153600.0,78.348,63.8,153.2,27.915,6.25,6.482608695652174,6.906521739130435,7115.652,147.1,6.5,262491.0,63370.0,32260.0,,
1994-04-01,8.315999999999999,130000.0,154200.0,78.7,63.8,153.3,27.915,6.75,6.972105263157895,7.2689473684210535,7246.931,147.2,6.4,262754.0,63370.0,32260.0,,
1994-05-01,8.5975,130000.0,154200.0,79.208,63.8,153.4,27.915,7.25,7.183333333333333,7.4123809523809525,7246.931,147.5,6.1,263014.0,63370.0,32260.0,,
1994-06-01,8.3975,130000.0,154200.0,79.7,63.8,153.5,27.915,7.25,7.101363636363636,7.395,7246.931,147.9,6.1,263294.0,63370.0,32260.0,,
1994-07-01,8.614,129700.0,152800.0,80.062,64.1,154.0,27.915,7.25,7.298,7.578999999999999,7331.075,148.4,6.1,263580.0,63370.0,32260.0,,
1994-08-01,8.5125,129700.0,152800.0,80.316,64.1,154.5,27.915,7.75,7.236086956521739,7.486086956521739,7331.075,149.0,6.0,263871.0,63370.0,32260.0,,
1994-09-01,8.64,129700.0,152800.0,80.339,64.1,155.0,27.915,7.75,7.457142857142857,7.712380952380952,7331.075,149.3,5.9,264159.0,63370.0,32260.0,,
1994-10-01,8.925,132000.0,156100.0,80.304,64.2,155.1,27.915,7.75,7.744,7.935,7455.288,149.4,5.8,264430.0,63370.0,32260.0,,
1994-11-01,9.17,132000.0,156100.0,80.169,64.2,155.5,27.915,8.5,7.955,8.0815,7455.288,149.8,5.6,264681.0,63370.0,32260.0,,
1994-12-01,9.198,132000.0,156100.0,80.078,64.2,155.7,27.915,8.5,7.813809523809524,7.871428571428572,7455.288,150.1,5.5,264924.0,63370.0,32260.0,,
1995-01-01,9.1475,130000.0,153500.0,80.026,64.2,156.1,31.283,8.5,7.7795000000000005,7.846500000000001,7522.289,150.5,5.6,265157.0,65380.0,34080.0,,
1995-02-01,8.8275,130000.0,153500.0,79.991,64.2,156.3,31.283,9.0,7.469473684210525,7.611578947368422,7522.289,150.9,5.4,265383.0,65380.0,34080.0,,
1995-03-01,8.462,130000.0,153500.0,80.077,64.2,156.6,31.283,9.0,7.204782608695653,7.447826086956522,7522.289,151.2,5.4,265625.0,65380.0,34080.0,,
1995-04-01,8.32,133900.0,158900.0,80.369,64.7,157.0,31.283,9.0,7.062631578947368,7.360526315789474,7580.997,151.8,5.8,265877.0,65380.0,34080.0,,
1995-05-01,7.955,133900.0,158900.0,80.691,64.7,157.3,31.283,9.0,6.632727272727274,6.95,7580.997,152.1,5.6,266134.0,65380.0,34080.0,,
1995-06-01,7.566,133900.0,158900.0,81.068,64.7,157.6,31.283,9.0,6.168181818181818,6.573181818181819,7580.997,152.4,5.6,266414.0,65380.0,34080.0,,
1995-07-01,7.6075,132000.0,157700.0,81.411,65.0,158.0,31.283,8.75,6.2780000000000005,6.720999999999999,7683.125,152.6,5.7,266700.0,65380.0,34080.0,,
1995-08-01,7.86,132000.0,157700.0,81.654,65.0,158.2,31.283,8.75,6.488260869565217,6.860434782608695,7683.125,152.9,5.7,266998.0,65380.0,34080.0,,
1995-09-01,7.636,132000.0,157700.0,81.737,65.0,158.5,31.283,8.75,6.1975,6.5489999999999995,7683.125,153.1,5.6,267304.0,65380.0,34080.0,,
1995-10-01,7.475,138000.0,160900.0,81.726,65.1,158.8,31.283,8.75,6.044761904761905,6.374761904761905,7772.586,153.5,5.5,267585.0,65380.0,34080.0,,
1995-11-01,7.3774999999999995,138000.0,160900.0,81.63,65.1,159.2,31.283,8.75,5.93047619047619,6.262857142857143,7772.586,153.7,5.6,267829.0,65380.0,34080.0,,
1995-12-01,7.2,138000.0,160900.0,81.512,65.1,159.6,31.283,8.5,5.7115,6.0625,7772.586,153.9,5.6,268047.0,65380.0,34080.0,,
1996-01-01,7.029999999999999,137000.0,161100.0,81.427,65.1,159.9,32.451,8.5,5.652380952380953,6.051904761904762,7868.468,154.7,5.6,268258.0,66340.0,35490.0,,
1996-02-01,7.075,137000.0,161100.0,81.399,65.1,160.3,32.451,8.25,5.8055,6.242,7868.468,155.0,5.5,268480.0,66340.0,35490.0,,
1996-03-01,7.624,137000.0,161100.0,81.665,65.1,160.6,32.451,8.25,6.268571428571428,6.604285714285714,7868.468,155.5,5.5,268724.0,66340.0,35490.0,,
1996-04-01,7.925000000000001,139900.0,166000.0,82.123,65.4,160.9,32.451,8.25,6.511363636363637,6.794090909090909,8032.84,156.1,5.6,268980.0,66340.0,35490.0,,
1996-05-01,8.07,139900.0,166000.0,82.6,65.4,161.3,32.451,8.25,6.736818181818182,6.927727272727273,8032.84,156.4,5.6,269247.0,66340.0,35490.0,,
1996-06-01,8.32,139900.0,166000.0,83.047,65.4,161.8,32.451,8.25,6.912000000000001,7.059,8032.84,156.7,5.3,269527.0,66340.0,35490.0,,
1996-07-01,8.245000000000001,140000.0,164000.0,83.418,65.6,162.3,32.451,8.25,6.865454545454545,7.033181818181817,8131.408,157.0,5.5,269822.0,66340.0,35490.0,,
1996-08-01,8.001999999999999,140000.0,164000.0,83.644,65.6,162.5,32.451,8.25,6.635454545454545,6.841818181818183,8131.408,157.2,5.1,270130.0,66340.0,35490.0,,
1996-09-01,8.23,140000.0,164000.0,83.701,65.6,162.9,32.451,8.25,6.832000000000001,7.026000000000001,8131.408,157.7,5.2,270433.0,66340.0,35490.0,,
1996-10-01,7.915,144100.0,171000.0,83.628,65.4,163.2,32.451,8.25,6.533636363636364,6.808636363636364,8259.771,158.2,5.2,270730.0,66340.0,35490.0,,
1996-11-01,7.618,144100.0,171000.0,83.555,65.4,163.6,32.451,8.25,6.203684210526316,6.481578947368422,8259.771,158.7,5.4,271002.0,66340.0,35490.0,,
1996-12-01,7.5975,144100.0,171000.0,83.489,65.4,163.9,32.451,8.25,6.302380952380952,6.552380952380952,8259.771,159.1,5.4,271243.0,66340.0,35490.0,,
1997-01-01,7.824,145000.0,172200.0,83.529,65.4,164.3,32.594,8.25,6.579047619047619,6.826666666666667,8362.655,159.4,5.3,271472.0,67720.0,37010.0,,
1997-02-01,7.65,145000.0,172200.0,83.595,65.4,164.7,32.594,8.25,6.419473684210526,6.687894736842105,8362.655,159.7,5.2,271703.0,67720.0,37010.0,,
1997-03-01,7.8975,145000.0,172200.0,83.909,65.4,165.1,32.594,8.5,6.6945,6.9325,8362.655,159.8,5.2,271952.0,67720.0,37010.0,,
1997-04-01,8.1425,145800.0,177200.0,84.318,65.7,165.6,32.594,8.5,6.885454545454545,7.092727272727273,8518.825,159.9,5.1,272213.0,67720.0,37010.0,,
1997-05-01,7.944,145800.0,177200.0,84.862,65.7,166.0,32.594,8.5,6.7109523809523814,6.935714285714286,8518.825,159.9,4.9,272482.0,67720.0,37010.0,,
1997-06-01,7.6899999999999995,145800.0,177200.0,85.397,65.7,166.5,32.594,8.5,6.493809523809524,6.772380952380952,8518.825,160.2,5.0,272767.0,67720.0,37010.0,,
1997-07-01,7.4975,145000.0,174700.0,85.841,66.0,166.9,32.594,8.5,6.220454545454545,6.51,8662.823,160.4,4.9,273074.0,67720.0,37010.0,,
1997-08-01,7.4799999999999995,145000.0,174700.0,86.151,66.0,167.3,32.594,8.5,6.298571428571429,6.578571428571429,8662.823,160.8,4.8,273395.0,67720.0,37010.0,,
1997-09-01,7.43,145000.0,174700.0,86.311,66.0,167.8,32.594,8.5,6.208571428571428,6.495238095238095,8662.823,161.2,4.9,273703.0,67720.0,37010.0,,
1997-10-01,7.294,144200.0,175400.0,86.408,65.7,168.2,32.594,8.5,6.029545454545455,6.326363636363637,8765.907,161.5,4.7,273989.0,67720.0,37010.0,,
1997-11-01,7.205,144200.0,175400.0,86.632,65.7,168.6,32.594,8.5,5.875,6.109444444444445,8765.907,161.7,4.6,274249.0,67720.0,37010.0,,
1997-12-01,7.095000000000001,144200.0,175400.0,86.848,65.7,169.0,32.594,8.5,5.808636363636364,5.99,8765.907,161.8,4.7,274499.0,67720.0,37010.0,,
1998-01-01,6.994,152200.0,180000.0,87.164,65.9,169.4,35.009,8.5,5.5445,5.811,8866.48,162.0,4.6,274732.0,70200.0,38890.0,,
1998-02-01,7.0425,152200.0,180000.0,87.374,65.9,169.8,35.009,8.5,5.574736842105263,5.8910526315789475,8866.48,162.0,4.6,274943.0,70200.0,38890.0,,
1998-03-01,7.1275,152200.0,180000.0,87.878,65.9,170.3,35.009,8.5,5.647272727272727,5.948181818181819,8866.48,162.0,4.7,275175.0,70200.0,38890.0,,
1998-04-01,7.140000000000001,149500.0,178800.0,88.558,66.0,170.8,35.009,8.5,5.637619047619047,5.923809523809524,8969.699,162.2,4.3,275434.0,70200.0,38890.0,,
1998-05-01,7.144,149500.0,178800.0,89.373,66.0,171.3,35.009,8.5,5.6525,5.9265,8969.699,162.6,4.4,275700.0,70200.0,38890.0,,
1998-06-01,6.9975000000000005,149500.0,178800.0,90.193,66.0,171.8,35.009,8.5,5.496363636363636,5.703636363636364,8969.699,162.8,4.5,275976.0,70200.0,38890.0,,
1998-07-01,6.952,153000.0,184300.0,90.858,66.8,172.3,35.009,8.5,5.461363636363637,5.676818181818182,9121.097,163.2,4.5,276266.0,70200.0,38890.0,,
1998-08-01,6.9225,153000.0,184300.0,91.405,66.8,172.9,35.009,8.5,5.341904761904762,5.54047619047619,9121.097,163.4,4.5,276566.0,70200.0,38890.0,,
1998-09-01,6.7225,153000.0,184300.0,91.75,66.8,173.4,35.009,8.25,4.806666666666667,5.204761904761905,9121.097,163.5,4.6,276859.0,70200.0,38890.0,,
1998-10-01,6.709999999999999,153000.0,181500.0,91.997,66.4,173.9,35.009,8.0,4.529999999999999,5.01047619047619,9293.991,163.9,4.5,277140.0,70200.0,38890.0,,
1998-11-01,6.865,153000.0,181500.0,92.195,66.4,174.4,35.009,7.75,4.827368421052632,5.248421052631579,9293.991,164.1,4.4,277402.0,70200.0,38890.0,,
1998-12-01,6.7379999999999995,153000.0,181500.0,92.442,66.4,174.8,35.009,7.75,4.645,5.059090909090909,9293.991,164.4,4.4,277658.0,70200.0,38890.0,,
1999-01-01,6.785,157400.0,189100.0,92.713,66.7,175.2,35.316,7.75,4.722105263157895,5.157894736842105,9411.682,164.7,4.3,277891.0,71980.0,40700.0,,
1999-02-01,6.8075,157400.0,189100.0,92.98,66.7,175.5,35.316,7.75,4.998947368421053,5.365263157894737,9411.682,164.7,4.4,278095.0,71980.0,40700.0,,
1999-03-01,7.04,157400.0,189100.0,93.61,66.7,175.9,35.316,7.75,5.232608695652174,5.5804347826086955,9411.682,164.8,4.2,278324.0,71980.0,40700.0,,
1999-04-01,6.9159999999999995,158700.0,191800.0,94.435,66.6,176.4,35.316,7.75,5.184545454545455,5.547727272727273,9526.21,165.9,4.3,278584.0,71980.0,40700.0,,
1999-05-01,7.145,158700.0,191800.0,95.36,66.6,176.8,35.316,7.75,5.539499999999999,5.8055,9526.21,166.0,4.2,278859.0,71980.0,40700.0,,
1999-06-01,7.55,158700.0,191800.0,96.363,66.6,177.2,35.316,7.75,5.899545454545454,6.041818181818183,9526.21,166.0,4.3,279148.0,71980.0,40700.0,,
1999-07-01,7.632,159100.0,193000.0,97.192,67.0,177.6,35.316,8.0,5.791904761904762,5.983333333333333,9686.626,166.7,4.3,279448.0,71980.0,40700.0,,
1999-08-01,7.9425,159100.0,193000.0,97.897,67.0,178.0,35.316,8.25,5.9390909090909085,6.068636363636363,9686.626,167.1,4.2,279752.0,71980.0,40700.0,,
1999-09-01,7.8225,159100.0,193000.0,98.399,67.0,178.5,35.316,8.25,5.915238095238095,6.071428571428571,9686.626,167.8,4.2,280053.0,71980.0,40700.0,,
1999-10-01,7.851999999999999,165300.0,204800.0,98.831,66.9,178.8,35.316,8.25,6.112,6.2635,9900.169,168.1,4.1,280337.0,71980.0,40700.0,,
1999-11-01,7.7375,165300.0,204800.0,99.147,66.9,179.7,35.316,8.5,6.034,6.1450000000000005,9900.169,168.4,4.1,280594.0,71980.0,40700.0,,
1999-12-01,7.912000000000001,165300.0,204800.0,99.541,66.9,180.1,35.316,8.5,6.275454545454545,6.351363636363636,9900.169,168.8,4.0,280846.0,71980.0,40700.0,,
2000-01-01,8.21,165300.0,202900.0,100.0,67.1,180.9,33.299,8.5,6.661,6.6255,10002.179,169.3,4.0,281083.0,71790.0,41990.0,,
2000-02-01,8.325,165300.0,202900.0,100.571,67.1,181.3,33.299,8.75,6.519499999999999,6.232,10002.179,170.0,4.1,281299.0,71790.0,41990.0,,
2000-03-01,8.24,165300.0,202900.0,101.466,67.1,181.9,33.299,9.0,6.256521739130435,6.053478260869565,10002.179,171.0,4.0,281531.0,71790.0,41990.0,,
2000-04-01,8.1525,163200.0,202400.0,102.54,67.2,182.3,33.299,9.0,5.990526315789474,5.846315789473684,10247.72,170.9,3.8,281763.0,71790.0,41990.0,,
2000-05-01,8.515,163200.0,202400.0,103.701,67.2,182.8,33.299,9.5,6.440454545454545,6.148636363636364,10247.72,171.2,4.0,281996.0,71790.0,41990.0,,
2000-06-01,8.288,163200.0,202400.0,104.856,67.2,183.4,33.299,9.5,6.097272727272728,5.926363636363636,10247.72,172.2,4.0,282247.0,71790.0,41990.0,,211.4984
2000-07-01,8.1475,168800.0,204100.0,105.723,67.7,184.1,33.299,9.5,6.054,5.851,10318.165,172.7,4.0,282504.0,71790.0,41990.0,,211.74125
2000-08-01,8.0275,168800.0,204100.0,106.523,67.7,184.8,33.299,9.5,5.826086956521739,5.716086956521739,10318.165,172.7,4.1,282769.0,71790.0,41990.0,,216.66554000000002
2000-09-01,7.912000000000001,168800.0,204100.0,107.137,67.7,185.4,33.299,9.5,5.799,5.8265,10318.165,173.6,3.9,283033.0,71790.0,41990.0,,222.21015
2000-10-01,7.795,172900.0,212100.0,107.729,67.5,186.1,33.299,9.5,5.738571428571428,5.803333333333334,10435.744,173.9,3.9,283285.0,71790.0,41990.0,,220.924775
2000-11-01,7.745,172900.0,212100.0,108.292,67.5,186.7,33.299,9.5,5.717142857142857,5.775714285714285,10435.744,174.2,3.9,283523.0,71790.0,41990.0,,222.12686
2000-12-01,7.382,172900.0,212100.0,108.792,67.5,187.4,33.299,9.5,5.2405,5.4905,10435.744,174.6,3.9,283748.0,71790.0,41990.0,,227.5293
2001-01-01,7.0325,169800.0,211000.0,109.215,67.5,188.0,35.165,9.0,5.160952380952381,5.540952380952381,10470.231,175.6,4.2,283960.0,70610.0,42230.0,,231.50578000000002
2001-02-01,7.05,169800.0,211000.0,109.643,67.5,188.7,35.165,8.5,5.098947368421053,5.454736842105263,10470.231,176.0,4.2,284166.0,70610.0,42230.0,,230.22985
2001-03-01,6.952,169800.0,211000.0,110.395,67.5,189.5,35.165,8.0,4.885454545454546,5.339545454545455,10470.231,176.1,4.3,284380.0,70610.0,42230.0,,228.95335
2001-04-01,7.0775,179000.0,211200.0,111.247,67.7,190.2,35.165,7.5,5.141,5.646,10599.0,176.4,4.4,284602.0,70610.0,42230.0,,231.74175
2001-05-01,7.145,179000.0,211200.0,112.202,67.7,191.1,35.165,7.0,5.391363636363637,5.78,10599.0,177.3,4.3,284834.0,70610.0,42230.0,,234.45221999999998
2001-06-01,7.159999999999999,179000.0,211200.0,113.272,67.7,191.8,35.165,6.75,5.284285714285714,5.66952380952381,10599.0,177.7,4.5,285076.0,70610.0,42230.0,,232.979975
2001-07-01,7.1275,172500.0,207800.0,114.228,68.1,192.5,35.165,6.75,5.236190476190477,5.613333333333333,10598.02,177.4,4.6,285324.0,70610.0,42230.0,,231.434925
2001-08-01,6.95,172500.0,207800.0,114.989,68.1,193.2,35.165,6.5,4.971304347826087,5.483478260869566,10598.02,177.4,4.9,285584.0,70610.0,42230.0,,233.04646000000002
2001-09-01,6.8175,172500.0,207800.0,115.465,68.1,194.0,35.165,6.0,4.731764705882353,5.482941176470588,10598.02,178.1,5.0,285842.0,70610.0,42230.0,,232.985125
2001-10-01,6.6175,171100.0,214200.0,115.681,68.0,194.7,35.165,5.5,4.566818181818181,5.315454545454545,10660.465,177.6,5.3,286086.0,70610.0,42230.0,,233.22906000000003
2001-11-01,6.6579999999999995,171100.0,214200.0,115.837,68.0,195.4,35.165,5.0,4.6515,5.118,10660.465,177.5,5.5,286315.0,70610.0,42230.0,,239.38705
2001-12-01,7.0649999999999995,171100.0,214200.0,116.054,68.0,196.2,35.165,4.75,5.0875,5.4799999999999995,10660.465,177.4,5.7,286533.0,70610.0,42230.0,,241.918275
2002-01-01,6.9975,188700.0,227600.0,116.436,67.8,196.8,40.479,4.75,5.035714285714286,5.4452380952380945,10783.5,177.7,5.7,286739.0,70040.0,42410.0,,241.72976
2002-02-01,6.8925,188700.0,227600.0,116.917,67.8,197.5,40.479,4.75,4.911578947368421,5.451578947368421,10783.5,178.0,5.7,286935.0,70040.0,42410.0,,241.356275
2002-03-01,7.014,188700.0,227600.0,117.93,67.8,198.1,40.479,4.75,5.284000000000001,5.8085,10783.5,178.5,5.7,287131.0,70040.0,42410.0,,241.156525
2002-04-01,6.985,187200.0,227600.0,119.209,67.6,198.5,40.479,4.75,5.210909090909091,5.791818181818182,10887.46,179.3,5.9,287343.0,70040.0,42410.0,,245.493
2002-05-01,6.806,187200.0,227600.0,120.788,67.6,198.9,40.479,4.75,5.164545454545455,5.757272727272727,10887.46,179.5,5.8,287571.0,70040.0,42410.0,,244.32024
2002-06-01,6.65,187200.0,227600.0,122.334,67.6,199.5,40.479,4.75,4.9265,5.677,10887.46,179.6,5.8,287808.0,70040.0,42410.0,,243.4094
2002-07-01,6.485,178100.0,219100.0,123.688,68.0,200.0,40.479,4.75,4.653181818181818,5.585,10984.04,180.0,5.8,288051.0,70040.0,42410.0,,239.36996
2002-08-01,6.29,178100.0,219100.0,124.731,68.0,200.3,40.479,4.75,4.257272727272727,5.27590909090909,10984.04,180.5,5.7,288303.0,70040.0,42410.0,,248.935725
2002-09-01,6.0925,178100.0,219100.0,125.495,68.0,200.8,40.479,4.75,3.87,4.963,10984.04,180.8,5.7,288554.0,70040.0,42410.0,,255.22145
2002-10-01,6.1125,190100.0,232500.0,126.138,68.3,201.3,40.479,4.75,3.940909090909091,5.181818181818182,11061.433,181.2,5.7,288794.0,70040.0,42410.0,,255.74562
2002-11-01,6.068,190100.0,232500.0,126.644,68.3,201.9,40.479,4.25,4.048421052631579,5.1821052631578945,11061.433,181.5,5.9,289012.0,70040.0,42410.0,,252.2159
2002-12-01,6.0475,190100.0,232500.0,127.152,68.3,202.4,40.479,4.25,4.032380952380952,5.133333333333333,11061.433,181.8,6.0,289214.0,70040.0,42410.0,,255.17287499999998
2003-01-01,5.9159999999999995,186000.0,233100.0,127.653,68.0,203.2,42.878,4.25,4.048571428571428,5.137619047619047,11174.129,182.6,5.8,289412.0,70080.0,43320.0,,252.31386000000003
2003-02-01,5.8425,186000.0,233100.0,128.326,68.0,203.5,42.878,4.25,3.9026315789473687,5.024736842105263,11174.129,183.6,5.9,289606.0,70080.0,43320.0,,247.46175
2003-03-01,5.745,186000.0,233100.0,129.308,68.0,204.0,42.878,4.25,3.8071428571428574,5.027142857142858,11174.129,183.9,5.9,289809.0,70080.0,43320.0,,245.143425
2003-04-01,5.8125,191800.0,241000.0,130.488,68.0,204.5,42.878,4.25,3.958571428571428,5.127142857142857,11312.766,183.2,6.0,290024.0,70080.0,43320.0,,240.20414
2003-05-01,5.484,191800.0,241000.0,131.839,68.0,205.0,42.878,4.25,3.5690476190476192,4.7628571428571425,11312.766,182.9,6.1,290250.0,70080.0,43320.0,,247.874175
2003-06-01,5.23,191800.0,241000.0,133.225,68.0,205.3,42.878,4.0,3.334285714285714,4.618571428571428,11312.766,183.1,6.3,290484.0,70080.0,43320.0,,244.83847500000002
2003-07-01,5.6325,191900.0,248100.0,134.647,68.4,205.8,42.878,4.0,3.975454545454546,5.127727272727273,11566.669,183.7,6.2,290726.0,70080.0,43320.0,,245.5641
2003-08-01,6.264,191900.0,248100.0,135.965,68.4,206.2,42.878,4.0,4.4452380952380945,5.445714285714286,11566.669,184.5,6.1,290974.0,70080.0,43320.0,,245.404625
2003-09-01,6.1475,191900.0,248100.0,137.076,68.4,206.7,42.878,4.0,4.274285714285715,5.275714285714286,11566.669,185.1,6.1,291222.0,70080.0,43320.0,,244.5819
2003-10-01,5.952,198800.0,256000.0,137.976,68.6,206.9,42.878,4.0,4.290454545454545,5.3,11772.234,184.9,6.0,291463.0,70080.0,43320.0,,239.89366
2003-11-01,5.9325,198800.0,256000.0,138.766,68.6,207.4,42.878,4.0,4.300000000000001,5.246666666666666,11772.234,185.0,5.8,291677.0,70080.0,43320.0,,271.084675
2003-12-01,5.8759999999999994,198800.0,256000.0,139.628,68.6,207.7,42.878,4.0,4.267727272727273,5.213181818181818,11772.234,185.5,5.7,291868.0,70080.0,43320.0,,279.98666
2004-01-01,5.7125,212700.0,262900.0,140.705,68.6,208.1,44.19,4.0,4.1505,5.131,11923.447,186.3,5.7,292046.0,69970.0,44330.0,,284.0276
2004-02-01,5.635,212700.0,262900.0,142.028,68.6,208.6,44.19,4.0,4.084210526315789,5.076842105263157,11923.447,186.7,5.6,292230.0,69970.0,44330.0,,282.1894
2004-03-01,5.445,212700.0,262900.0,144.079,68.6,209.1,44.19,4.0,3.826521739130435,4.899565217391304,11923.447,187.1,5.8,292434.0,69970.0,44330.0,,279.88186
2004-04-01,5.83,217600.0,265300.0,146.18,69.2,209.7,44.19,4.0,4.347619047619047,5.277619047619048,12112.815,187.4,5.6,292651.0,69970.0,44330.0,,281.22545
2004-05-01,6.27,217600.0,265300.0,148.335,69.2,210.3,44.19,4.0,4.7155000000000005,5.5105,12112.815,188.2,5.6,292872.0,69970.0,44330.0,,283.851925
2004-06-01,6.2875,217600.0,265300.0,150.519,69.2,210.9,44.19,4.0,4.733809523809524,5.475714285714286,12112.815,188.9,5.6,293103.0,69970.0,44330.0,,287.2504
2004-07-01,6.056,213500.0,274000.0,152.338,69.0,211.4,44.19,4.25,4.498095238095239,5.3061904761904755,12305.307,189.1,5.5,293350.0,69970.0,44330.0,,287.9174
2004-08-01,5.8675,213500.0,274000.0,153.814,69.0,212.0,44.19,4.5,4.281363636363636,5.1459090909090905,12305.307,189.2,5.4,293603.0,69970.0,44330.0,,289.9045
2004-09-01,5.754,213500.0,274000.0,155.108,69.0,212.5,44.19,4.75,4.1257142857142854,4.983809523809524,12305.307,189.8,5.4,293857.0,69970.0,44330.0,,293.82597999999996
2004-10-01,5.7225,228800.0,286300.0,156.298,69.2,212.8,44.19,4.75,4.0969999999999995,4.944,12527.214,190.8,5.5,294104.0,69970.0,44330.0,,290.93755
2004-11-01,5.73,228800.0,286300.0,157.496,69.2,213.1,44.19,5.0,4.194,4.9475,12527.214,191.7,5.4,294337.0,69970.0,44330.0,,287.9703
2004-12-01,5.752,228800.0,286300.0,158.67,69.2,213.7,44.19,5.25,4.2309090909090905,4.911363636363636,12527.214,191.7,5.4,294561.0,69970.0,44330.0,,294.45572000000004
2005-01-01,5.71,232500.0,288500.0,160.13,69.1,214.3,47.995,5.25,4.221500000000001,4.765,12767.286,191.6,5.3,294768.0,71060.0,46330.0,,305.5276
2005-02-01,5.6275,232500.0,288500.0,161.925,69.1,214.9,47.995,5.5,4.165263157894737,4.558947368421053,12767.286,192.4,5.4,294955.0,71060.0,46330.0,,298.704675
2005-03-01,5.928,232500.0,288500.0,164.577,69.1,215.4,47.995,5.75,4.497727272727273,4.774545454545454,12767.286,193.1,5.2,295149.0,71060.0,46330.0,,300.25976
2005-04-01,5.855,233700.0,287800.0,167.001,68.6,216.0,47.995,5.75,4.3409523809523805,4.65,12922.656,193.7,5.2,295359.0,71060.0,46330.0,,301.43925
2005-05-01,5.72,233700.0,287800.0,169.546,68.6,216.5,47.995,6.0,4.144285714285714,4.49,12922.656,193.6,5.1,295582.0,71060.0,46330.0,,299.266875
2005-06-01,5.582,233700.0,287800.0,172.017,68.6,217.0,47.995,6.25,3.998181818181818,4.279545454545455,12922.656,193.7,5.0,295824.0,71060.0,46330.0,,301.2502
2005-07-01,5.695,236400.0,294600.0,174.099,68.8,217.7,47.995,6.25,4.1775,4.378,13142.642,194.9,5.0,296077.0,71060.0,46330.0,,302.64335
2005-08-01,5.82,236400.0,294600.0,175.924,68.8,218.1,47.995,6.5,4.262608695652174,4.441739130434782,13142.642,196.1,4.9,296338.0,71060.0,46330.0,,302.15284
2005-09-01,5.774,236400.0,294600.0,177.612,68.8,218.7,47.995,6.75,4.199047619047619,4.451904761904761,13142.642,198.8,5.0,296606.0,71060.0,46330.0,,304.58865000000003
2005-10-01,6.065,243600.0,294200.0,178.754,69.0,219.3,47.995,6.75,4.4635,4.6405,13324.204,199.1,5.0,296857.0,71060.0,46330.0,,294.97645
2005-11-01,6.33,243600.0,294200.0,179.676,69.0,219.9,47.995,7.0,4.535,4.704,13324.204,198.1,5.0,297089.0,71060.0,46330.0,,299.7703
2005-12-01,6.272,243600.0,294200.0,180.109,69.0,220.3,47.995,7.25,4.467142857142857,4.62,13324.204,198.1,4.9,297311.0,71060.0,46330.0,,303.111175
2006-01-01,6.145,247700.0,305300.0,180.828,68.5,220.8,47.584,7.5,4.416,4.5715,13599.16,199.3,4.7,297526.0,71850.0,48200.0,480966.98,303.349975
2006-02-01,6.2525,247700.0,305300.0,181.499,68.5,221.5,47.584,7.5,4.568947368421052,4.574210526315789,13599.16,199.4,4.8,297734.0,71850.0,48200.0,480966.98,297.092925
2006-03-01,6.324,247700.0,305300.0,182.749,68.5,222.2,47.584,7.75,4.7239130434782615,4.734347826086957,13599.16,199.7,4.7,297950.0,71850.0,48200.0,480966.98,292.538
2006-04-01,6.5075,246300.0,302600.0,183.648,68.7,222.9,47.584,7.75,4.990526315789474,5.062631578947368,13753.424,200.7,4.7,298170.0,71850.0,48200.0,487126.04,294.39575
2006-05-01,6.5975,246300.0,302600.0,184.38,68.7,223.7,47.584,8.0,5.11,5.201363636363637,13753.424,201.3,4.6,298401.0,71850.0,48200.0,487126.04,301.24557999999996
2006-06-01,6.6819999999999995,246300.0,302600.0,184.547,68.7,224.6,47.584,8.25,5.106363636363636,5.154090909090909,13753.424,201.8,4.6,298653.0,71850.0,48200.0,487126.04,298.679375
2006-07-01,6.7625,235600.0,308100.0,184.607,69.0,225.4,47.584,8.25,5.0875,5.1345,13870.188,202.9,4.7,298910.0,71850.0,48200.0,510548.46,300.05485
2006-08-01,6.523999999999999,235600.0,308100.0,184.404,69.0,226.3,47.584,8.25,4.8765217391304345,4.996086956521739,13870.188,203.8,4.7,299178.0,71850.0,48200.0,510548.46,303.40822
2006-09-01,6.4025,235600.0,308100.0,184.197,69.0,227.2,47.584,8.25,4.718999999999999,4.852,13870.188,202.8,4.5,299452.0,71850.0,48200.0,510548.46,304.092975
2006-10-01,6.3575,245400.0,299600.0,184.053,68.9,228.0,47.584,8.25,4.729047619047619,4.854761904761905,14039.56,201.9,4.4,299710.0,71850.0,48200.0,521382.49,300.021875
2006-11-01,6.24,245400.0,299600.0,183.63,68.9,228.8,47.584,8.25,4.595238095238095,4.685714285714286,14039.56,202.0,4.5,299950.0,71850.0,48200.0,521382.49,302.42896
2006-12-01,6.135,245400.0,299600.0,183.228,68.9,229.8,47.584,8.25,4.5645,4.6825,14039.56,203.1,4.4,300178.0,71850.0,48200.0,521382.49,312.091075
2007-01-01,6.2175,257400.0,322100.0,182.716,68.4,230.547,53.723,8.25,4.7595238095238095,4.851904761904762,14215.651,203.437,4.6,300398.0,73010.0,50230.0,544988.55,315.22592
2007-02-01,6.285,257400.0,322100.0,182.468,68.4,231.546,53.723,8.25,4.722631578947369,4.821578947368421,14215.651,204.226,4.5,300608.0,73010.0,50230.0,544988.55,310.153675
2007-03-01,6.156000000000001,257400.0,322100.0,182.19,68.4,232.349,53.723,8.25,4.5645454545454545,4.721818181818182,14215.651,205.288,4.4,300823.0,73010.0,50230.0,544988.55,302.905925
2007-04-01,6.18,242200.0,310100.0,182.128,68.2,232.96,53.723,8.25,4.6938095238095245,4.866190476190476,14402.082,205.904,4.5,301045.0,73010.0,50230.0,549270.83,307.335875
2007-05-01,6.2620000000000005,242200.0,310100.0,181.882,68.2,233.656,53.723,8.25,4.746363636363636,4.901363636363636,14402.082,206.755,4.4,301278.0,73010.0,50230.0,549270.83,310.7355
2007-06-01,6.657500000000001,242200.0,310100.0,181.538,68.2,234.283,53.723,8.25,5.102857142857142,5.203333333333333,14402.082,207.234,4.6,301528.0,73010.0,50230.0,549270.83,315.61865
2007-07-01,6.695,241800.0,301200.0,180.992,68.2,234.996,53.723,8.25,5.0042857142857144,5.108095238095238,14564.117,207.603,4.7,301790.0,73010.0,50230.0,577380.56,317.61365
2007-08-01,6.572,241800.0,301200.0,180.234,68.2,235.524,53.723,8.25,4.674782608695652,4.932173913043478,14564.117,207.667,4.6,302064.0,73010.0,50230.0,577380.56,317.02076
2007-09-01,6.3825,241800.0,301200.0,179.121,68.2,236.239,53.723,7.75,4.521578947368421,4.793157894736842,14564.117,208.547,4.7,302334.0,73010.0,50230.0,577380.56,322.226975
2007-10-01,6.375,238400.0,305800.0,177.529,67.8,237.18,53.723,7.5,4.527727272727272,4.7736363636363635,14715.058,209.19,4.7,302590.0,73010.0,50230.0,589489.28,320.13456
2007-11-01,6.208,238400.0,305800.0,175.161,67.8,238.063,53.723,7.5,4.1485,4.5200000000000005,14715.058,210.834,4.7,302834.0,73010.0,50230.0,589489.28,329.19354999999996
2007-12-01,6.095,238400.0,305800.0,173.336,67.8,238.873,53.723,7.25,4.0975,4.526999999999999,14715.058,211.445,5.0,303062.0,73010.0,50230.0,589489.28,340.188625
2008-01-01,5.758,233900.0,290400.0,171.076,67.8,239.517,50.383,6.25,3.744285714285714,4.33047619047619,14706.538,212.174,5.0,303280.0,70520.0,50300.0,619315.89,338.85514
2008-02-01,5.9175,233900.0,290400.0,169.189,67.8,240.08,50.383,6.25,3.7375,4.517,14706.538,212.687,4.9,303494.0,70520.0,50300.0,619315.89,331.51275
2008-03-01,5.97,233900.0,290400.0,167.9,67.8,240.68,50.383,5.25,3.5100000000000002,4.393,14706.538,213.448,5.1,303707.0,70520.0,50300.0,619315.89,329.624525
2008-04-01,5.9175,235300.0,304200.0,167.316,68.1,241.437,50.383,5.0,3.675,4.443181818181818,14865.701,213.942,5.0,303926.0,70520.0,50300.0,626605.6,328.43702
2008-05-01,6.036,235300.0,304200.0,167.013,68.1,241.927,50.383,5.0,3.8800000000000003,4.596190476190476,14865.701,215.208,5.4,304157.0,70520.0,50300.0,626605.6,330.825325
2008-06-01,6.32,235300.0,304200.0,166.531,68.1,242.882,50.383,5.0,4.099523809523809,4.689047619047619,14865.701,217.463,5.6,304396.0,70520.0,50300.0,626605.6,330.89527499999997
2008-07-01,6.425999999999999,226500.0,285100.0,165.71,67.9,243.675,50.383,5.0,4.007727272727273,4.570909090909091,14898.999,219.016,5.8,304646.0,70520.0,50300.0,660584.21,334.65736
2008-08-01,6.4775,226500.0,285100.0,164.275,67.9,244.475,50.383,5.0,3.8857142857142852,4.501904761904761,14898.999,218.69,6.1,304903.0,70520.0,50300.0,660584.21,341.034925
2008-09-01,6.0375,226500.0,285100.0,161.91,67.9,245.175,50.383,5.0,3.6861904761904762,4.269047619047619,14898.999,218.877,6.1,305158.0,70520.0,50300.0,660584.21,345.21805
2008-10-01,6.2,222500.0,276600.0,159.161,67.5,245.914,50.383,4.25,3.814090909090909,4.173181818181818,14608.209,216.995,6.5,305403.0,70520.0,50300.0,675952.58,371.4846
2008-11-01,6.0875,222500.0,276600.0,156.071,67.5,246.556,50.383,4.25,3.526666666666667,4.004444444444444,14608.209,213.153,6.8,305620.0,70520.0,50300.0,675952.58,381.18225
2008-12-01,5.286,222500.0,276600.0,152.543,67.5,246.992,50.383,3.25,2.4163636363636365,2.87,14608.209,211.398,7.3,305827.0,70520.0,50300.0,675952.58,383.4764
2009-01-01,5.047499999999999,208400.0,257000.0,149.36,67.3,247.563,53.152,3.25,2.5175,3.128,14430.902,211.933,7.8,306035.0,70070.0,49780.0,707226.81,393.40137500000003
2009-02-01,5.13,208400.0,257000.0,147.616,67.3,247.994,53.152,3.25,2.87,3.586842105263158,14430.902,212.705,8.3,306237.0,70070.0,49780.0,707226.81,395.489425
2009-03-01,5.0025,208400.0,257000.0,146.512,67.3,248.396,53.152,3.25,2.819545454545455,3.6431818181818185,14430.902,212.495,8.7,306438.0,70070.0,49780.0,707226.81,386.971625
2009-04-01,4.8100000000000005,220900.0,273400.0,146.939,67.4,248.837,53.152,3.25,2.927142857142857,3.76,14381.236,212.709,9.0,306645.0,70070.0,49780.0,712319.16,372.55636
2009-05-01,4.8575,220900.0,273400.0,148.166,67.4,249.204,53.152,3.25,3.293,4.226999999999999,14381.236,213.022,9.4,306863.0,70070.0,49780.0,712319.16,365.007925
2009-06-01,5.42,220900.0,273400.0,149.793,67.4,249.381,53.152,3.25,3.7218181818181817,4.516363636363637,14381.236,214.79,9.5,307090.0,70070.0,49780.0,712319.16,359.563175
2009-07-01,5.2219999999999995,214300.0,274100.0,150.746,67.6,249.343,53.152,3.25,3.5622727272727275,4.406818181818182,14448.882,214.726,9.5,307322.0,70070.0,49780.0,746522.52,357.54494000000005
2009-08-01,5.1925,214300.0,274100.0,150.667,67.6,249.359,53.152,3.25,3.587142857142857,4.370952380952382,14448.882,215.445,9.6,307570.0,70070.0,49780.0,746522.52,356.20887500000003
2009-09-01,5.0575,214300.0,274100.0,149.627,67.6,249.261,53.152,3.25,3.401904761904762,4.185714285714286,14448.882,215.861,9.8,307826.0,70070.0,49780.0,746522.52,351.33905999999996
2009-10-01,4.952,219000.0,272900.0,148.584,67.2,248.959,53.152,3.25,3.3876190476190478,4.188571428571429,14651.249,216.509,10.0,308071.0,70070.0,49780.0,771699.75,345.476675
2009-11-01,4.875,219000.0,272900.0,147.94,67.2,248.778,53.152,3.25,3.4026315789473687,4.314736842105264,14651.249,217.234,9.9,308289.0,70070.0,49780.0,771699.75,343.8481
2009-12-01,4.93,219000.0,272900.0,146.666,67.2,248.667,53.152,3.25,3.5900000000000003,4.494090909090909,14651.249,217.347,9.9,308495.0,70070.0,49780.0,771699.75,336.32828
2010-01-01,5.03,222900.0,275300.0,145.003,67.1,248.721,60.51,3.25,3.7331578947368427,4.604736842105263,14764.61,217.488,9.8,308706.0,68420.0,49280.0,800069.82,324.1517
2010-02-01,4.99,222900.0,275300.0,143.055,67.1,248.717,60.51,3.25,3.691052631578947,4.619473684210526,14764.61,217.281,9.8,308904.0,68420.0,49280.0,800069.82,318.653525
2010-03-01,4.9675,222900.0,275300.0,143.595,67.1,248.854,60.51,3.25,3.7273913043478264,4.644782608695652,14764.61,217.353,9.9,309095.0,68420.0,49280.0,800069.82,382.55948
2010-04-01,5.098000000000001,219500.0,268800.0,145.398,66.9,248.962,60.51,3.25,3.8468181818181817,4.693181818181818,14980.193,217.403,9.9,309289.0,68420.0,49280.0,811148.76,648.09585
2010-05-01,4.8875,219500.0,268800.0,147.031,66.9,249.066,60.51,3.25,3.4200000000000004,4.286,14980.193,217.29,9.6,309485.0,68420.0,49280.0,811148.76,641.543825
2010-06-01,4.7375,219500.0,268800.0,147.698,66.9,249.327,60.51,3.25,3.2040909090909087,4.127727272727273,14980.193,217.199,9.4,309691.0,68420.0,49280.0,811148.76,633.17176
2010-07-01,4.564,224100.0,266000.0,147.559,66.9,249.458,60.51,3.25,3.0114285714285716,3.994285714285714,15141.607,217.605,9.4,309913.0,68420.0,49280.0,845804.79,628.5248
2010-08-01,4.4275,224100.0,266000.0,146.426,66.9,249.346,60.51,3.25,2.6986363636363637,3.803181818181818,15141.607,217.923,9.5,310146.0,68420.0,49280.0,845804.79,623.56025
2010-09-01,4.346,224100.0,266000.0,144.607,66.9,249.663,60.51,3.25,2.6476190476190475,3.773333333333333,15141.607,218.275,9.5,310385.0,68420.0,49280.0,845804.79,617.8697
2010-10-01,4.225,224300.0,278000.0,143.125,66.5,249.66,60.51,3.25,2.54,3.8725,15309.474,219.035,9.4,310612.0,68420.0,49280.0,855483.43,611.087825
2010-11-01,4.3,224300.0,278000.0,141.813,66.5,250.182,60.51,3.25,2.763,4.186,15309.474,219.59,9.8,310820.0,68420.0,49280.0,855483.43,607.62325
2010-12-01,4.714,224300.0,278000.0,140.622,66.5,250.641,60.51,3.25,3.290909090909091,4.417727272727273,15309.474,220.472,9.3,311020.0,68420.0,49280.0,855483.43,606.5324
2011-01-01,4.755,226900.0,268100.0,139.03,66.4,251.142,62.458,3.25,3.3939999999999997,4.523000000000001,15351.448,221.187,9.1,311204.0,67410.0,50050.0,896848.43,603.764925
2011-02-01,4.9525,226900.0,268100.0,137.725,66.4,251.516,62.458,3.25,3.5763157894736843,4.652105263157895,15351.448,221.898,9.0,311373.0,67410.0,50050.0,896848.43,601.356525
2011-03-01,4.836,226900.0,268100.0,137.779,66.4,251.905,62.458,3.25,3.4143478260869564,4.513913043478261,15351.448,223.046,9.0,311551.0,67410.0,50050.0,896848.43,600.64216
2011-04-01,4.84,228100.0,267600.0,139.153,65.9,252.203,62.458,3.25,3.4549999999999996,4.5015,15557.539,224.093,9.1,311740.0,67410.0,50050.0,905157.15,597.67335
2011-05-01,4.6375,228100.0,267600.0,140.688,65.9,252.584,62.458,3.25,3.168571428571429,4.293333333333333,15557.539,224.806,9.0,311935.0,67410.0,50050.0,905157.15,596.056775
2011-06-01,4.51,228100.0,267600.0,141.941,65.9,252.986,62.458,3.25,3.002272727272727,4.232727272727273,15557.539,224.806,9.1,312147.0,67410.0,50050.0,905157.15,600.23546
2011-07-01,4.545,223500.0,263000.0,142.34,66.3,253.423,62.458,3.25,3.003,4.2705,15647.68,225.395,9.0,312372.0,67410.0,50050.0,940339.02,601.946375
2011-08-01,4.27,223500.0,263000.0,141.783,66.3,254.295,62.458,3.25,2.3030434782608693,3.651304347826087,15647.68,226.106,9.0,312605.0,67410.0,50050.0,940339.02,601.12578
2011-09-01,4.106,223500.0,263000.0,140.162,66.3,254.895,62.458,3.25,1.975238095238095,3.182380952380952,15647.68,226.597,9.0,312842.0,67410.0,50050.0,940339.02,600.88575
2011-10-01,4.0675,221100.0,259700.0,138.398,66.0,255.651,62.458,3.25,2.152,3.128,15842.259,226.75,8.8,313060.0,67410.0,50050.0,959823.95,600.746175
2011-11-01,3.9925,221100.0,259700.0,136.652,66.0,256.207,62.458,3.25,2.0134999999999996,3.0155000000000003,15842.259,227.169,8.6,313260.0,67410.0,50050.0,959823.95,600.77234
2011-12-01,3.9579999999999997,221100.0,259700.0,135.154,66.0,256.8,62.458,3.25,1.9780952380952381,2.9823809523809524,15842.259,227.223,8.5,313454.0,67410.0,50050.0,959823.95,601.103075
2012-01-01,3.915,238400.0,278000.0,134.156,65.4,257.267,58.378,3.25,1.9665,3.0260000000000002,16068.805,227.842,8.3,313636.0,67400.0,51020.0,994279.74,600.7543000000001
2012-02-01,3.89,238400.0,278000.0,133.987,65.4,257.842,58.378,3.25,1.9675,3.109,16068.805,228.329,8.3,313811.0,67400.0,51020.0,994279.74,599.0653199999999
2012-03-01,3.9539999999999997,238400.0,278000.0,135.855,65.4,258.335,58.378,3.25,2.1727272727272724,3.2813636363636363,16068.805,228.807,8.2,313993.0,67400.0,51020.0,994279.74,600.672975
2012-04-01,3.91,238700.0,282700.0,138.46,65.5,258.977,58.378,3.25,2.052857142857143,3.1842857142857146,16207.115,229.187,8.2,314176.0,67400.0,51020.0,1011259.92,599.200275
2012-05-01,3.7979999999999996,238700.0,282700.0,141.035,65.5,259.481,58.378,3.25,1.8031818181818182,2.930909090909091,16207.115,228.713,8.2,314368.0,67400.0,51020.0,1011259.92,608.55786
2012-06-01,3.675,238700.0,282700.0,143.157,65.5,259.893,58.378,3.25,1.6223809523809525,2.698095238095238,16207.115,228.524,8.2,314576.0,67400.0,51020.0,1011259.92,609.35
2012-07-01,3.55,248800.0,294500.0,144.271,65.5,260.476,58.378,3.25,1.5266666666666668,2.59,16319.541,228.59,8.2,314796.0,67400.0,51020.0,1041034.04,607.83335
2012-08-01,3.6019999999999994,248800.0,294500.0,144.695,65.5,260.999,58.378,3.25,1.6782608695652175,2.7708695652173914,16319.541,229.918,8.1,315031.0,67400.0,51020.0,1041034.04,608.71792
2012-09-01,3.4975,248800.0,294500.0,144.347,65.5,261.62,58.378,3.25,1.7231578947368422,2.8815789473684212,16319.541,231.015,7.8,315264.0,67400.0,51020.0,1041034.04,608.176575
2012-10-01,3.3825000000000003,251700.0,297700.0,143.957,65.4,262.631,58.378,3.25,1.7461904761904763,2.9004761904761907,16420.419,231.638,7.8,315485.0,67400.0,51020.0,1054565.11,607.3655
2012-11-01,3.3519999999999994,251700.0,297700.0,143.95,65.4,263.137,58.378,3.25,1.654,2.8035,16420.419,231.249,7.7,315692.0,67400.0,51020.0,1054565.11,608.23495
2012-12-01,3.3449999999999998,251700.0,297700.0,143.858,65.4,263.669,58.378,3.25,1.719,2.8835,16420.419,231.221,7.9,315877.0,67400.0,51020.0,1054565.11,606.282575
2013-01-01,3.414,258400.0,307400.0,144.302,65.0,264.245,57.09,3.25,1.9147619047619049,3.0804761904761904,16648.189,231.679,8.0,316038.0,69950.0,53590.0,1092013.85,607.11338
2013-02-01,3.5324999999999998,258400.0,307400.0,145.152,65.0,264.904,57.09,3.25,1.9842105263157896,3.165263157894737,16648.189,232.937,7.7,316191.0,69950.0,53590.0,1092013.85,608.732725
2013-03-01,3.565,258400.0,307400.0,147.952,65.0,265.603,57.09,3.25,1.9575,3.1625,16648.189,232.282,7.5,316357.0,69950.0,53590.0,1092013.85,611.68545
2013-04-01,3.4450000000000003,268100.0,320400.0,150.96,65.0,266.094,57.09,3.25,1.7590909090909093,2.9327272727272726,16728.687,231.797,7.6,316535.0,69950.0,53590.0,1099606.79,611.83395
2013-05-01,3.536,268100.0,320400.0,153.849,65.0,266.841,57.09,3.25,1.9281818181818182,3.112727272727273,16728.687,231.893,7.5,316729.0,69950.0,53590.0,1099606.79,612.73256
2013-06-01,4.07,268100.0,320400.0,156.416,65.0,267.451,57.09,3.25,2.3,3.4,16728.687,232.445,7.5,316934.0,69950.0,53590.0,1099606.79,615.232775
2013-07-01,4.37,264800.0,324400.0,158.275,65.3,267.87,57.09,3.25,2.5822727272727275,3.605,16953.838,232.9,7.3,317156.0,69950.0,53590.0,1134180.98,612.32532
2013-08-01,4.456,264800.0,324400.0,159.383,65.3,268.837,57.09,3.25,2.7372727272727273,3.757727272727273,16953.838,233.456,7.2,317397.0,69950.0,53590.0,1134180.98,612.3763
2013-09-01,4.49,264800.0,324400.0,159.663,65.3,269.315,57.09,3.25,2.8095,3.787,16953.838,233.544,7.2,317635.0,69950.0,53590.0,1134180.98,612.53355
2013-10-01,4.192,273600.0,334400.0,159.549,65.2,269.822,57.09,3.25,2.6159090909090907,3.6759090909090912,17192.019,233.669,7.2,317864.0,69950.0,53590.0,1145550.75,613.29324
2013-11-01,4.255,273600.0,334400.0,159.36,65.2,270.387,57.09,3.25,2.718421052631579,3.8000000000000003,17192.019,234.1,6.9,318076.0,69950.0,53590.0,1145550.75,606.440675
2013-12-01,4.4575,273600.0,334400.0,159.277,65.2,271.22,57.09,3.25,2.901904761904762,3.889047619047619,17192.019,234.719,6.7,318276.0,69950.0,53590.0,1145550.75,599.72845
2014-01-01,4.432,275200.0,331400.0,159.363,64.8,271.918,57.199,3.25,2.858095238095238,3.7690476190476194,17197.738,235.288,6.6,318464.0,69060.0,53660.0,1182061.19,599.97528
2014-02-01,4.3025,275200.0,331400.0,159.864,64.8,272.461,57.199,3.25,2.709473684210526,3.6626315789473685,17197.738,235.547,6.7,318642.0,69060.0,53660.0,1182061.19,602.32765
2014-03-01,4.3425,275200.0,331400.0,161.178,64.8,273.341,57.199,3.25,2.723333333333333,3.620952380952381,17197.738,236.028,6.7,318827.0,69060.0,53660.0,1182061.19,603.8789750000001
2014-04-01,4.3375,288000.0,340600.0,162.954,64.7,274.255,57.199,3.25,2.705238095238095,3.5176190476190476,17518.508,236.468,6.2,319020.0,69060.0,53660.0,1190488.72,606.0179
2014-05-01,4.192,288000.0,340600.0,164.667,64.7,275.013,57.199,3.25,2.559047619047619,3.3899999999999997,17518.508,236.918,6.3,319225.0,69060.0,53660.0,1190488.72,609.592625
2014-06-01,4.1625,288000.0,340600.0,166.196,64.7,275.819,57.199,3.25,2.5985714285714288,3.4200000000000004,17518.508,237.231,6.1,319438.0,69060.0,53660.0,1190488.72,611.107275
2014-07-01,4.13,281000.0,340400.0,167.12,64.4,276.663,57.199,3.25,2.5422727272727275,3.3318181818181816,17804.228,237.498,6.2,319670.0,69060.0,53660.0,1226394.05,612.95798
2014-08-01,4.115,281000.0,340400.0,167.435,64.4,277.319,57.199,3.25,2.42,3.2009523809523808,17804.228,237.46,6.1,319919.0,69060.0,53660.0,1226394.05,615.484
2014-09-01,4.1625,281000.0,340400.0,167.227,64.4,278.149,57.199,3.25,2.5342857142857143,3.26,17804.228,237.477,5.9,320166.0,69060.0,53660.0,1226394.05,617.9395999999999
2014-10-01,4.036,298900.0,369400.0,166.896,64.0,278.797,57.199,3.25,2.304090909090909,3.0399999999999996,17912.079,237.43,5.7,320403.0,69060.0,53660.0,1235751.47,618.49398
2014-11-01,3.9975,298900.0,369400.0,166.644,64.0,279.758,57.199,3.25,2.3255555555555554,3.038333333333333,17912.079,236.983,5.8,320616.0,69060.0,53660.0,1235751.47,621.2908749999999
2014-12-01,3.864,298900.0,369400.0,166.445,64.0,280.383,57.199,3.25,2.2072727272727275,2.833181818181818,17912.079,236.252,5.6,320815.0,69060.0,53660.0,1235751.47,622.89466
2015-01-01,3.67,289200.0,348000.0,166.23,63.7,281.223,58.025,3.25,1.8815000000000002,2.455,18063.529,234.747,5.7,320997.0,72790.0,56520.0,1271844.96,625.4747
2015-02-01,3.71,289200.0,348000.0,166.609,63.7,282.171,58.025,3.25,1.9752631578947368,2.566315789473684,18063.529,235.342,5.5,321164.0,72790.0,56520.0,1271844.96,626.38875
2015-03-01,3.77,289200.0,348000.0,168.068,63.7,283.056,58.025,3.25,2.0427272727272725,2.6263636363636365,18063.529,235.976,5.4,321344.0,72790.0,56520.0,1271844.96,626.5478
2015-04-01,3.6719999999999997,289100.0,339700.0,169.954,63.4,283.786,58.025,3.25,1.935,2.585909090909091,18279.784,236.222,5.4,321538.0,72790.0,56520.0,1278764.93,631.93664
2015-05-01,3.84,289100.0,339700.0,171.835,63.4,284.559,58.025,3.25,2.1975000000000002,2.955,18279.784,237.001,5.6,321740.0,72790.0,56520.0,1278764.93,634.4729
2015-06-01,3.9825,289100.0,339700.0,173.432,63.4,285.477,58.025,3.25,2.3636363636363638,3.1118181818181814,18279.784,237.657,5.3,321954.0,72790.0,56520.0,1278764.93,636.120225
2015-07-01,4.046,295800.0,347400.0,174.474,63.7,286.435,58.025,3.25,2.3245454545454547,3.066363636363637,18401.626,238.034,5.2,322186.0,72790.0,56520.0,1311766.42,640.40062
2015-08-01,3.9050000000000002,295800.0,347400.0,174.913,63.7,287.32,58.025,3.25,2.1671428571428573,2.855714285714286,18401.626,238.033,5.1,322427.0,72790.0,56520.0,1311766.42,645.2432249999999
2015-09-01,3.89,295800.0,347400.0,175.018,63.7,288.385,58.025,3.25,2.172857142857143,2.9528571428571433,18401.626,237.498,5.0,322670.0,72790.0,56520.0,1311766.42,649.24384
2015-10-01,3.7960000000000003,302500.0,366700.0,175.022,63.8,289.236,58.025,3.25,2.07,2.888095238095238,18435.137,237.733,5.0,322901.0,72790.0,56520.0,1320248.14,653.583475
2015-11-01,3.9425,302500.0,366700.0,175.113,63.8,289.953,58.025,3.25,2.263157894736842,3.03,18435.137,238.017,5.1,323113.0,72790.0,56520.0,1320248.14,655.8004
2015-12-01,3.964,302500.0,366700.0,175.086,63.8,290.723,58.025,3.5,2.2427272727272727,2.97,18435.137,237.761,5.0,323318.0,72790.0,56520.0,1320248.14,658.7242200000001
2016-01-01,3.8725,299800.0,357000.0,175.011,63.5,291.7,59.966,3.5,2.0852631578947367,2.858421052631579,18525.933,237.652,4.8,323509.0,75380.0,59040.0,1358137.44,664.0839
2016-02-01,3.66,299800.0,357000.0,175.259,63.5,292.617,59.966,3.5,1.7795,2.623,18525.933,237.336,4.9,323687.0,75380.0,59040.0,1358137.44,664.2727500000001
2016-03-01,3.694,299800.0,357000.0,176.58,63.5,293.471,59.966,3.5,1.8890909090909092,2.6845454545454546,18525.933,238.08,5.0,323871.0,75380.0,59040.0,1358137.44,670.13948
2016-04-01,3.605,306000.0,357900.0,178.474,62.9,294.397,59.966,3.5,1.805238095238095,2.6233333333333335,18711.702,238.992,5.1,324061.0,75380.0,59040.0,1365269.83,674.54325
2016-05-01,3.6,306000.0,357900.0,180.322,62.9,295.371,59.966,3.5,1.8061904761904761,2.6276190476190475,18711.702,239.557,4.8,324260.0,75380.0,59040.0,1365269.83,677.3460749999999
2016-06-01,3.568,306000.0,357900.0,181.896,62.9,296.306,59.966,3.5,1.6440909090909093,2.4522727272727276,18711.702,240.222,4.9,324476.0,75380.0,59040.0,1365269.83,685.81096
2016-07-01,3.44,303800.0,358800.0,183.0,63.5,297.192,59.966,3.5,1.504,2.227,18892.639,240.101,4.8,324697.0,75380.0,59040.0,1398573.2,696.376925
2016-08-01,3.435,303800.0,358800.0,183.638,63.5,298.029,59.966,3.5,1.556521739130435,2.261739130434783,18892.639,240.545,4.9,324924.0,75380.0,59040.0,1398573.2,700.3556000000001
2016-09-01,3.46,303800.0,358800.0,183.925,63.5,299.035,59.966,3.5,1.6304761904761906,2.3504761904761904,18892.639,241.176,5.0,325155.0,75380.0,59040.0,1398573.2,703.3131000000001
2016-10-01,3.47,310900.0,364900.0,183.993,63.7,300.215,59.966,3.5,1.7645,2.5004999999999997,19089.379,241.741,4.9,325368.0,75380.0,59040.0,1405332.16,706.2540750000001
2016-11-01,3.77,310900.0,364900.0,184.202,63.7,301.223,59.966,3.5,2.1420000000000003,2.862,19089.379,242.026,4.7,325562.0,75380.0,59040.0,1405332.16,707.86316
2016-12-01,4.198,310900.0,364900.0,184.374,63.7,302.271,59.966,3.75,2.491904761904762,3.1133333333333333,19089.379,242.637,4.7,325742.0,75380.0,59040.0,1405332.16,712.166125
2017-01-01,4.15,313100.0,374800.0,184.628,63.6,303.156,59.962,3.75,2.4325,3.019,19280.084,243.618,4.7,325901.0,76710.0,61140.0,1440358.58,713.61555
2017-02-01,4.1675,313100.0,374800.0,184.995,63.6,304.06,59.962,3.75,2.4189473684210525,3.0321052631578946,19280.084,244.006,4.6,326050.0,76710.0,61140.0,1440358.58,714.968725
2017-03-01,4.196,313100.0,374800.0,186.504,63.6,304.888,59.962,4.0,2.4817391304347827,3.0813043478260873,19280.084,243.892,4.4,326207.0,76710.0,61140.0,1440358.58,716.63208
2017-04-01,4.045,318200.0,376900.0,188.518,63.7,305.692,59.962,4.0,2.2973684210526315,2.9415789473684213,19438.643,244.193,4.4,326371.0,76710.0,61140.0,1446680.08,718.653525
2017-05-01,4.01,318200.0,376900.0,190.513,63.7,306.72,59.962,4.0,2.3036363636363637,2.959090909090909,19438.643,244.004,4.4,326548.0,76710.0,61140.0,1446680.08,720.0853199999999
2017-06-01,3.904,318200.0,376900.0,192.24,63.7,307.681,59.962,4.25,2.186818181818182,2.7963636363636364,19438.643,244.163,4.3,326743.0,76710.0,61140.0,1446680.08,724.43295
2017-07-01,3.9675000000000002,320500.0,373200.0,193.484,63.9,308.49,59.962,4.25,2.318,2.884,19692.595,244.243,4.3,326939.0,76710.0,61140.0,1479029.56,727.645325
2017-08-01,3.88,320500.0,373200.0,194.318,63.9,309.608,59.962,4.25,2.2091304347826086,2.7952173913043477,19692.595,245.183,4.4,327140.0,76710.0,61140.0,1479029.56,730.51348
2017-09-01,3.8049999999999997,320500.0,373200.0,194.786,63.9,310.346,59.962,4.25,2.202,2.7765,19692.595,246.435,4.3,327342.0,76710.0,61140.0,1479029.56,736.4989
2017-10-01,3.895,337900.0,399700.0,195.049,64.2,311.33,59.962,4.25,2.3600000000000003,2.878095238095238,20037.088,246.626,4.2,327528.0,76710.0,61140.0,1488895.48,747.07765
2017-11-01,3.9219999999999997,337900.0,399700.0,195.412,64.2,312.295,59.962,4.25,2.3533333333333335,2.801904761904762,20037.088,247.284,4.2,327699.0,76710.0,61140.0,1488895.48,760.70384
2017-12-01,3.95,337900.0,399700.0,195.808,64.2,313.462,59.962,4.5,2.4025,2.768,20037.088,247.805,4.1,327848.0,76710.0,61140.0,1488895.48,764.814975
2018-01-01,4.032500000000001,331800.0,374600.0,196.08,64.2,314.531,59.905,4.5,2.583809523809524,2.8776190476190475,20328.553,248.859,4.0,327969.0,77700.0,63180.0,1523343.76,768.45658
2018-02-01,4.33,331800.0,374600.0,196.871,64.2,315.162,59.905,4.5,2.8589473684210525,3.1310526315789473,20328.553,249.529,4.1,328085.0,77700.0,63180.0,1523343.76,769.24735
2018-03-01,4.444,331800.0,374600.0,198.538,64.2,315.885,59.905,4.75,2.8423809523809522,3.0914285714285716,20328.553,249.577,4.0,328219.0,77700.0,63180.0,1523343.76,770.9658
2018-04-01,4.4675,315600.0,378400.0,200.576,64.3,316.96,59.905,4.75,2.869047619047619,3.0719047619047624,20580.912,250.227,4.0,328364.0,77700.0,63180.0,1530756.57,786.652425
2018-05-01,4.586,315600.0,378400.0,202.413,64.3,317.766,59.905,4.75,2.977727272727273,3.1318181818181823,20580.912,250.792,3.8,328521.0,77700.0,63180.0,1530756.57,789.61986
2018-06-01,4.57,315600.0,378400.0,204.006,64.3,318.607,59.905,5.0,2.9123809523809525,3.05,20580.912,251.018,4.0,328692.0,77700.0,63180.0,1530756.57,794.2513
2018-07-01,4.5275,330900.0,392900.0,204.915,64.4,319.642,59.905,5.0,2.889047619047619,3.006666666666667,20798.73,251.214,3.8,328863.0,77700.0,63180.0,1560681.65,792.8844
2018-08-01,4.55,330900.0,392900.0,205.293,64.4,320.86,59.905,5.0,2.889130434782609,3.0417391304347823,20798.73,251.663,3.8,329040.0,77700.0,63180.0,1560681.65,796.6217800000001
2018-09-01,4.6274999999999995,330900.0,392900.0,205.341,64.4,321.563,59.905,5.25,3.004210526315789,3.1510526315789473,20798.73,252.182,3.7,329216.0,77700.0,63180.0,1560681.65,800.068475
2018-10-01,4.83,322800.0,384000.0,205.338,64.8,322.447,59.905,5.25,3.152272727272727,3.3395454545454544,20917.867,252.772,3.8,329379.0,77700.0,63180.0,1566903.43,803.48512
2018-11-01,4.866,322800.0,384000.0,205.076,64.8,323.633,59.905,5.25,3.117,3.3609999999999998,20917.867,252.594,3.8,329527.0,77700.0,63180.0,1566903.43,807.36335
2018-12-01,4.6375,322800.0,384000.0,204.666,64.8,324.408,59.905,5.5,2.8326315789473684,3.0957894736842104,20917.867,252.767,3.9,329659.0,77700.0,63180.0,1566903.43,807.82505
2019-01-01,4.464,313000.0,375500.0,204.167,64.2,325.314,60.541,5.5,2.713809523809524,3.0352380952380953,21111.6,252.561,4.0,329766.0,83260.0,68700.0,1597654.09,809.23894
2019-02-01,4.37,313000.0,375500.0,204.391,64.2,326.22,60.541,5.5,2.6763157894736844,3.0236842105263158,21111.6,253.319,3.8,329862.0,83260.0,68700.0,1597654.09,813.457975
2019-03-01,4.265,313000.0,375500.0,205.737,64.2,327.539,60.541,5.5,2.570952380952381,2.9776190476190476,21111.6,254.277,3.8,329977.0,83260.0,68700.0,1597654.09,816.508325
2019-04-01,4.1425,322500.0,376700.0,207.65,64.1,328.816,60.541,5.5,2.532380952380952,2.9404761904761907,21397.938,255.233,3.7,330103.0,83260.0,68700.0,1603292.89,818.13895
2019-05-01,4.072,322500.0,376700.0,209.313,64.1,329.617,60.541,5.5,2.395,2.817727272727273,21397.938,255.296,3.6,330240.0,83260.0,68700.0,1603292.89,822.40488
2019-06-01,3.8024999999999998,322500.0,376700.0,210.548,64.1,330.919,60.541,5.5,2.074,2.5745,21397.938,255.213,3.6,330393.0,83260.0,68700.0,1603292.89,826.30695
2019-07-01,3.765,318400.0,382700.0,211.298,64.8,331.935,60.541,5.5,2.059090909090909,2.5727272727272728,21717.171,255.802,3.7,330553.0,83260.0,68700.0,1635131.96,825.0716
2019-08-01,3.6159999999999997,318400.0,382700.0,211.656,64.8,332.781,60.541,5.25,1.6263636363636365,2.119090909090909,21717.171,256.036,3.6,330729.0,83260.0,68700.0,1635131.96,830.682725
2019-09-01,3.605,318400.0,382700.0,211.835,64.8,333.92,60.541,5.0,1.6995,2.1580000000000004,21717.171,256.43,3.5,330904.0,83260.0,68700.0,1635131.96,832.205325
2019-10-01,3.6879999999999997,327100.0,384600.0,211.928,65.1,334.558,60.541,4.75,1.7068181818181818,2.1904545454545454,21933.217,257.155,3.6,331066.0,83260.0,68700.0,1637880.7,838.2462400000001
2019-11-01,3.6950000000000003,327100.0,384600.0,212.067,65.1,335.484,60.541,4.75,1.8121052631578947,2.2805263157894737,21933.217,257.879,3.6,331213.0,83260.0,68700.0,1637880.7,841.806525
2019-12-01,3.72,327100.0,384600.0,212.199,65.1,336.418,60.541,4.75,1.8628571428571428,2.2976190476190474,21933.217,258.63,3.6,331345.0,83260.0,68700.0,1637880.7,844.1360999999999
2020-01-01,3.624,329000.0,383000.0,212.36,65.3,337.591,63.862,4.75,1.7576190476190479,2.216190476190476,21751.238,259.127,3.6,331443.0,81580.0,68010.0,1671968.77,848.5015800000001
2020-02-01,3.4650000000000003,329000.0,383000.0,213.179,65.3,338.489,63.862,4.75,1.5042105263157897,1.9705263157894735,21751.238,259.25,3.5,331525.0,81580.0,68010.0,1671968.77,850.60005
2020-03-01,3.45,329000.0,383000.0,215.154,65.3,339.502,63.862,3.75,0.87,1.4549999999999998,21751.238,258.076,4.4,331668.0,81580.0,68010.0,1671968.77,856.6597
2020-04-01,3.306,317100.0,371100.0,217.197,67.9,340.225,63.862,3.75,0.6576190476190477,1.2652380952380953,19958.291,256.032,14.8,331750.0,81580.0,68010.0,1672503.14,806.29596
2020-05-01,3.2325,317100.0,371100.0,218.443,67.9,341.007,63.862,3.75,0.674,1.378,19958.291,255.802,13.2,331752.0,81580.0,68010.0,1672503.14,773.463875
2020-06-01,3.1625,317100.0,371100.0,219.769,67.9,341.524,63.862,3.75,0.7286363636363636,1.4936363636363637,19958.291,257.042,11.0,331795.0,81580.0,68010.0,1672503.14,765.1789
2020-07-01,3.016,327900.0,400600.0,221.526,67.4,342.312,63.862,3.75,0.6236363636363637,1.3104545454545453,21704.437,258.352,10.2,331862.0,81580.0,68010.0,1696474.62,758.62784
2020-08-01,2.935,327900.0,400600.0,224.005,67.4,342.65,63.862,3.75,0.65,1.358095238095238,21704.437,259.316,8.4,331936.0,81580.0,68010.0,1696474.62,754.23235
2020-09-01,2.89,327900.0,400600.0,226.754,67.4,342.986,63.862,3.75,0.6795238095238095,1.4228571428571428,21704.437,259.997,7.8,332017.0,81580.0,68010.0,1696474.62,752.13082
2020-10-01,2.834,338600.0,396900.0,229.761,65.8,343.502,63.862,3.75,0.7871428571428571,1.5685714285714285,22087.16,260.319,6.9,332092.0,81580.0,68010.0,1693860.24,752.7705
2020-11-01,2.765,338600.0,396900.0,232.261,65.8,343.731,63.862,3.75,0.8700000000000001,1.615263157894737,22087.16,260.911,6.7,332130.0,81580.0,68010.0,1693860.24,751.734975
2020-12-01,2.684,338600.0,396900.0,234.31,65.8,344.125,63.862,3.75,0.9336363636363636,1.6704545454545454,22087.16,262.045,6.7,332113.0,81580.0,68010.0,1693860.24,750.07146
2021-01-01,2.735,355000.0,417400.0,236.385,65.6,344.489,71.791,3.75,1.0810526315789473,1.8247368421052632,22680.693,262.687,6.4,332059.0,81270.0,70780.0,1718706.56,745.1437999999999
2021-02-01,2.81,355000.0,417400.0,239.167,65.6,345.099,71.791,3.75,1.2578947368421052,2.0426315789473684,22680.693,263.579,6.2,332035.0,81270.0,70780.0,1718706.56,743.299375
2021-03-01,3.0825,355000.0,417400.0,244.166,65.6,345.658,71.791,3.75,1.6108695652173912,2.3391304347826085,22680.693,264.961,6.1,332074.0,81270.0,70780.0,1718706.56,743.09294
2021-04-01,3.06,367800.0,428600.0,249.776,65.4,346.357,71.791,3.75,1.635,2.2995454545454543,23425.91,266.614,6.1,332141.0,81270.0,70780.0,1719067.5,737.04615
2021-05-01,2.9625,367800.0,428600.0,255.399,65.4,347.242,71.791,3.75,1.621,2.316,23425.91,268.383,5.8,332212.0,81270.0,70780.0,1719067.5,746.94345
2021-06-01,2.975,367800.0,428600.0,261.114,65.4,348.07,71.791,3.75,1.5190909090909093,2.1636363636363636,23425.91,270.654,5.9,332300.0,81270.0,70780.0,1719067.5,756.35016
2021-07-01,2.868,395200.0,468000.0,265.44,65.4,348.853,71.791,3.75,1.3185714285714287,1.9428571428571426,23982.379,271.903,5.4,332454.0,81270.0,70780.0,1739443.83,762.2849
2021-08-01,2.8425000000000002,395200.0,468000.0,268.707,65.4,349.983,71.791,3.75,1.2831818181818182,1.9163636363636363,23982.379,272.676,5.1,332641.0,81270.0,70780.0,1739443.83,768.720525
2021-09-01,2.9,395200.0,468000.0,271.357,65.4,351.306,71.791,3.75,1.3747619047619049,1.9357142857142857,23982.379,273.91,4.7,332801.0,81270.0,70780.0,1739443.83,772.63428
2021-10-01,3.0675,414000.0,496700.0,273.566,65.5,352.771,71.791,3.75,1.5825,2.0595,24813.6,276.55,4.5,332955.0,81270.0,70780.0,1733415.18,783.053225
2021-11-01,3.0675,414000.0,496700.0,275.934,65.5,354.215,71.791,3.75,1.5595,1.9355,24813.6,278.919,4.1,333109.0,81270.0,70780.0,1733415.18,792.8181
2021-12-01,3.098,414000.0,496700.0,278.507,65.5,355.588,71.791,3.75,1.4649999999999999,1.8477272727272727,24813.6,280.845,3.9,333251.0,81270.0,70780.0,1733415.18,804.06942
2022-01-01,3.4450000000000003,413500.0,499300.0,281.882,65.4,357.411,72.2,3.75,1.764,2.0995,25250.347,282.543,4.0,333349.0,79500.0,74580.0,1747455.51,811.980125
2022-02-01,3.7625,413500.0,499300.0,287.098,65.4,359.438,72.2,3.75,1.9342105263157894,2.2463157894736843,25250.347,284.5,3.9,333444.0,79500.0,74580.0,1747455.51,817.8017
2022-03-01,4.172,413500.0,499300.0,294.891,65.4,360.989,72.2,3.5,2.1278260869565218,2.4065217391304348,25250.347,287.674,3.7,333595.0,79500.0,74580.0,1747455.51,835.1709000000001
2022-04-01,4.9825,437700.0,525100.0,301.508,65.8,363.062,72.2,3.5,2.7475,2.8120000000000003,25861.292,288.561,3.7,333776.0,79500.0,74580.0,1744007.0,851.02665
2022-05-01,5.2299999999999995,437700.0,525100.0,306.269,65.8,365.376,72.2,4.0,2.8980952380952383,3.0657142857142854,25861.292,291.298,3.6,333958.0,79500.0,74580.0,1744007.0,863.11875
2022-06-01,5.522,437700.0,525100.0,308.065,65.8,368.216,72.2,4.75,3.1433333333333335,3.2457142857142856,25861.292,294.957,3.6,334147.0,79500.0,74580.0,1744007.0,877.8887200000001
2022-07-01,5.4125,438000.0,520300.0,306.9,66.0,370.916,72.2,5.5,2.896,3.1025,26336.304,294.913,3.5,334370.0,79500.0,74580.0,1761742.0,892.562525
2022-08-01,5.2225,438000.0,520300.0,303.477,66.0,373.597,72.2,5.5,2.8978260869565218,3.1295652173913044,26336.304,295.097,3.6,334628.0,79500.0,74580.0,1761742.0,901.9462
2022-09-01,6.112,438000.0,520300.0,300.305,66.0,376.628,72.2,6.25,3.5190476190476194,3.558095238095238,26336.304,296.349,3.5,334885.0,79500.0,74580.0,1761742.0,913.847875
2022-10-01,6.9,442600.0,521000.0,298.513,65.9,379.291,72.2,6.25,3.9835000000000003,4.04,26770.514,298.007,3.6,335125.0,79500.0,74580.0,1764067.41,925.353825
2022-11-01,6.805,442600.0,521000.0,296.693,65.9,382.228,72.2,7.0,3.8909999999999996,3.999,26770.514,298.786,3.6,335354.0,79500.0,74580.0,1764067.41,933.31478
2022-12-01,6.364,442600.0,521000.0,294.187,65.9,385.247,72.2,7.5,3.616190476190476,3.659047619047619,26770.514,298.832,3.5,335569.0,79500.0,74580.0,1764067.41,941.7648
2023-01-01,6.2725,429000.0,505300.0,292.683,66.0,387.984,79.337,7.5,3.5315,3.6645000000000003,27216.445,300.42,3.5,335770.0,82690.0,80610.0,1774909.9,952.70515
2023-02-01,6.2575,429000.0,505300.0,293.481,66.0,390.904,79.337,7.75,3.7468421052631578,3.8021052631578947,27216.445,301.45,3.6,335975.0,82690.0,80610.0,1774909.9,955.6677999999999
2023-03-01,6.544,429000.0,505300.0,297.403,66.0,392.787,79.337,8.0,3.6630434782608696,3.7708695652173914,27216.445,301.821,3.5,336189.0,82690.0,80610.0,1774909.9,967.3143
2023-04-01,6.342499999999999,418500.0,503000.0,301.513,65.9,395.024,79.337,8.0,3.46,3.6845,27530.055,302.845,3.4,336406.0,82690.0,80610.0,1761243.56,977.797975
2023-05-01,6.425,418500.0,503000.0,305.374,65.9,397.025,79.337,8.25,3.5736363636363637,3.855454545454545,27530.055,303.334,3.6,336632.0,82690.0,80610.0,1761243.56,985.1326000000001
2023-06-01,6.714,418500.0,503000.0,308.326,65.9,398.949,79.337,8.25,3.7480952380952384,3.8676190476190477,27530.055,304.014,3.6,336875.0,82690.0,80610.0,1761243.56,992.266775
2023-07-01,6.84,435400.0,521900.0,310.243,66.0,400.741,79.337,8.5,3.8994999999999997,3.9590000000000005,28074.846,304.609,3.5,337147.0,82690.0,80610.0,1732575.34,998.9055
2023-08-01,7.072,435400.0,521900.0,311.603,66.0,402.58,79.337,8.5,4.167826086956522,4.28,28074.846,306.082,3.7,337443.0,82690.0,80610.0,1732575.34,1005.3999200000001
2023-09-01,7.2,435400.0,521900.0,312.457,66.0,404.538,79.337,8.5,4.379,4.473000000000001,28074.846,307.276,3.7,337738.0,82690.0,80610.0,1732575.34,1013.699325
2023-10-01,7.62,423200.0,498300.0,312.805,65.7,406.532,79.337,8.5,4.798095238095239,4.946666666666666,28424.722,307.696,3.9,338021.0,82690.0,80610.0,1729139.13,1021.686625
2023-11-01,7.442,423200.0,498300.0,312.044,65.7,408.511,79.337,8.5,4.502857142857143,4.66,28424.722,308.148,3.7,338295.0,82690.0,80610.0,1729139.13,1028.51146
2023-12-01,6.815,423200.0,498300.0,310.865,65.7,410.156,79.337,8.5,4.0200000000000005,4.1445,28424.722,308.741,3.8,338550.0,82690.0,80610.0,1729139.13,1031.554275
2024-01-01,6.6425,426800.0,519700.0,310.737,65.6,411.6,87.844,8.5,4.058095238095238,4.258095238095239,28708.161,309.698,3.7,338787.0,83730.0,83730.0,1753333.67,1040.5257
2024-02-01,6.776000000000001,426800.0,519700.0,312.657,65.6,413.427,,8.5,4.2075000000000005,4.377000000000001,28708.161,310.967,3.9,339029.0,,,1753333.67,1047.707725
2024-03-01,6.82,426800.0,519700.0,316.84,65.6,415.08,,8.5,4.2085,4.36,28708.161,312.345,3.9,339288.0,,,1753333.67,1055.86615
2024-04-01,6.9925,414500.0,502200.0,320.777,65.6,416.49,,8.5,4.539090909090909,4.659090909090909,29147.044,313.023,3.9,339554.0,,,1741137.84,1054.8689
2024-05-01,7.06,414500.0,502200.0,323.721,65.6,418.1,,8.5,4.482272727272727,4.62,29147.044,313.175,3.9,339828.0,,,1741137.84,1059.3204
2024-06-01,6.9175,414500.0,502200.0,325.278,65.6,419.223,,8.5,4.3052631578947365,4.4447368421052635,29147.044,313.044,4.1,340108.0,,,1741137.84,1063.49855
2024-07-01,6.8475,415300.0,498700.0,325.586,65.6,421.138,,8.5,4.248636363636364,4.461363636363637,29511.664,313.569,4.2,340335.0,,,1772891.41,1064.56268
2024-08-01,6.5,415300.0,498700.0,325.026,65.6,422.556,,8.5,3.8709090909090906,4.153636363636363,29511.664,314.062,4.2,340512.0,,,1772891.41,1068.91975
2024-09-01,6.18,415300.0,498700.0,324.646,65.6,423.858,,8.0,3.7235,4.0445,29511.664,314.732,4.1,340688.0,,,1772891.41,1072.207775
2024-10-01,6.428,419300.0,510900.0,323.966,65.7,425.235,,8.0,4.095454545454545,4.375454545454545,29825.182,315.631,4.1,340855.0,,,1777101.97,1075.7136999999998
2024-11-01,6.805,419300.0,510900.0,323.685,65.7,426.342,,7.75,4.35578947368421,4.536842105263158,29825.182,316.528,4.2,341011.0,,,,1075.452725
2024-12-01,6.715,419300.0,510900.0,323.305,65.7,427.68,,7.5,4.3914285714285715,4.58047619047619,29825.182,317.604,4.1,341149.0,,,,1077.9247
2025-01-01,6.958,423100.0,514200.0,323.659,65.1,429.087,,7.5,4.629047619047618,4.853809523809524,30042.113,318.961,4.0,341268.0,,,,1042.3892199999998
2025-02-01,6.842499999999999,423100.0,514200.0,325.127,65.1,430.318,,7.5,4.451052631578947,4.680526315789473,30042.113,319.679,4.2,341378.0,,,,1045.320875
2025-03-01,6.65,423100.0,514200.0,327.737,65.1,431.645,,7.5,4.2804761904761905,4.5980952380952385,30042.113,319.785,4.2,341496.0,,,,1047.316
2025-04-01,6.725,416100.0,515200.0,329.893,65.0,433.043,,7.5,4.279047619047619,4.7109523809523814,30485.729,320.302,4.2,341632.0,,,,1038.74062
2025-05-01,6.816,416100.0,515200.0,331.412,65.0,434.038,,7.5,4.423809523809524,4.904761904761905,30485.729,320.62,4.3,341784.0,,,,1042.434125
2025-06-01,6.8175,416100.0,515200.0,331.6,65.0,435.033,,7.5,4.3835,4.891,30485.729,321.435,4.1,341945.0,,,,1044.442425
2025-07-01,6.720000000000001,410100.0,508100.0,330.945,65.3,436.05,,7.5,4.391818181818182,4.921818181818182,31098.027,322.169,4.3,342076.0,,,,1044.49748
2025-08-01,6.5875,410100.0,508100.0,329.86,65.3,437.294,,7.5,4.2647619047619045,4.868571428571428,31098.027,323.291,4.3,342178.0,,,,1047.986875
2025-09-01,6.3525,410100.0,508100.0,328.886,65.3,438.237,,7.25,4.12047619047619,4.742857142857143,31098.027,324.245,4.4,342277.0,,,,1050.427775
2025-10-01,6.254,412300.0,541300.0,328.25,65.7,,,7.0,4.0618181818181816,4.636818181818182,31422.526,,,342366.0,,,,1054.12416
2025-11-01,6.2375,412300.0,541300.0,327.865,65.7,439.002,,7.0,4.0938888888888885,4.701666666666666,31422.526,325.063,4.5,342439.0,,,,1058.6944250000001
2025-12-01,6.1899999999999995,412300.0,541300.0,327.025,65.7,440.189,,6.75,4.1431818181818185,4.800909090909091,31422.526,326.031,4.4,342495.0,,,,1063.70072
2026-01-01,6.1025,408500.0,521700.0,326.728,65.3,441.285,,,4.2135,4.8385,31865.721,326.588,4.3,342540.0,,,,1067.232325
2026-02-01,6.0475,408500.0,521700.0,327.759,65.3,441.865,,,4.12578947368421,4.762631578947368,31865.721,327.46,4.4,342581.0,,,,1069.350825
2026-03-01,6.1775,408500.0,521700.0,330.228,65.3,442.705,,,4.245909090909091,4.845,31865.721,330.293,4.3,342627.0,,,,1075.284275
2026-04-01,6.332,410700.0,502700.0,332.984,65.0,445.118,,,4.319090909090909,4.909090909090909,32486.066,332.407,4.3,342680.0,,,,1080.31696
2026-05-01,6.4425,,,335.104,,446.729,,,4.484,5.031000000000001,,333.979,4.3,342746.0,,,,1082.16115
2026-06-01,6.49,,,,,447.397,,,4.47047619047619,4.947619047619048,,332.568,4.2,342822.0,,,,1086.1407
2026-07-01,6.542,,,,,448.542,,,4.599545454545455,5.099090909090909,,332.813,4.1,342909.0,,,,1088.4246200000002
2026-08-01,6.670000000000001,,,,,,,,4.6825,5.230625,,,,,,,,1088.5782
