date,ATXRNSA,BOXRNSA,CRXRNSA,CHXRNSA,CEXRNSA,DAXRNSA,DNXRNSA,DEXRNSA,LVXRNSA,LXXRNSA,MIXRNSA,MNXRNSA,NYXRNSA,PHXRNSA,POXRNSA,SDXRNSA,SFXRNSA,SEXRNSA,TPXRNSA,WDXRNSA
1987-01-01,,70.042198,63.388189,53.545909,53.531398,,50.196015,,66.358296,59.330841,68.49929,,74.421512,,41.0549,54.66759,46.612698,,77.334405,64.114966
1987-02-01,,70.083661,63.936295,54.640379,53.499354,,49.958033,,67.030115,59.645596,68.76421,,75.426096,,41.283365,54.891449,46.867949,,77.933306,64.774543
1987-03-01,,70.002971,64.171042,54.802209,53.680407,,50.146015,,67.335161,59.986172,69.23128,,76.249925,,41.056927,55.162481,47.320465,,77.760636,65.711921
1987-04-01,,70.698318,64.813123,54.880347,53.754056,,50.554054,,67.882287,60.805706,69.198943,,77.338105,,40.962485,55.85414,47.693158,,77.556174,66.39567
1987-05-01,,71.510278,65.181595,55.42628,54.714099,,50.625481,,67.898858,61.670846,69.457298,,79.161529,,41.242833,56.350755,48.314598,,77.849396,67.26757
1987-06-01,,72.320362,65.54736,56.389259,55.121451,,50.501121,,66.477159,62.707701,69.311992,,80.839709,,41.449104,56.857905,48.832182,,78.710389,68.697306
1987-07-01,,73.092821,65.760107,57.541302,55.739766,,50.276798,,65.432832,63.661941,69.695552,,82.219,,41.817462,57.262478,49.486318,,79.110907,69.786559
1987-08-01,,73.79168,66.075155,58.373879,56.103345,,50.379501,,65.136055,64.55833,70.155507,,83.014442,,41.904493,57.691782,49.938389,,79.144959,70.616041
1987-09-01,,74.389931,66.467706,58.852251,56.508574,,50.178064,,65.854914,65.380905,70.945664,,83.438625,,41.800491,58.138057,50.689854,,79.239518,71.7943
1987-10-01,,74.634499,66.767987,59.316538,56.607623,,50.382818,,66.209792,66.19745,71.28302,,83.879886,,41.857311,58.525544,51.330715,,79.085406,72.565735
1987-11-01,,74.828704,67.087304,59.343287,56.602984,,49.887064,,67.04642,66.944864,71.503929,,84.017821,,41.672893,59.022723,51.796392,,79.053721,73.179196
1987-12-01,,74.744736,67.1876,60.304727,56.378954,,49.8551,,66.655895,67.908046,71.412733,,84.412641,,41.875274,59.400911,52.031668,,79.154039,73.424899
1988-01-01,,74.400916,67.60795,61.195401,56.437287,,49.346354,,66.639293,68.661073,71.655106,,84.119691,,41.606979,59.863975,52.241433,,79.360683,74.066518
1988-02-01,,74.021443,67.438411,62.782837,56.454483,,49.266315,,65.894279,69.358834,71.675767,,83.924094,,41.478737,60.122784,52.636632,,79.212891,74.882661
1988-03-01,,73.400386,67.94876,64.448001,57.164569,,48.847495,,66.263111,70.137547,72.194619,,83.484287,,41.853429,60.874393,53.185052,,79.263377,76.035094
1988-04-01,,73.780277,67.791925,65.219042,57.656062,,48.58423,,67.114028,70.832138,72.474032,,83.708097,,42.09708,61.19013,54.192018,,79.439426,77.015951
1988-05-01,,74.459513,67.920813,65.534831,58.250626,,48.219572,,67.514274,72.030679,72.761134,,84.225794,,42.579809,61.680644,56.093999,,79.881678,78.194084
1988-06-01,,75.067877,68.138918,66.846122,59.228081,,48.27197,,67.183708,74.353501,73.546555,,84.592316,,42.753598,61.543342,58.21802,,80.247765,79.563352
1988-07-01,,75.525605,68.644245,67.073071,59.701341,,48.325194,,67.359973,77.22467,74.129763,,85.024042,,43.094164,64.809712,58.701955,,80.739106,81.25447
1988-08-01,,75.467074,69.674331,68.655514,60.320149,,48.520218,,68.106955,79.273732,75.020733,,85.331402,,43.537341,65.641464,59.004513,,80.954197,82.346773
1988-09-01,,75.383018,69.931161,68.708273,60.595256,,48.368952,,69.062441,81.2301,75.6262,,85.541184,,43.719261,66.450435,59.501802,,80.78053,83.591514
1988-10-01,,75.251624,70.102222,69.369659,60.836509,,48.270932,,69.193044,82.936319,75.862874,,85.140774,,44.016558,67.474193,60.374912,,80.842873,83.943197
1988-11-01,,75.014613,69.561792,68.266649,60.880788,,47.859357,,68.639838,84.694295,76.092749,,84.815762,,44.053067,68.618568,61.313171,,80.609047,84.676105
1988-12-01,,74.79129,69.695599,67.695254,61.056728,,47.360195,,67.979921,85.971545,76.188887,,84.325662,,44.235709,69.843319,62.197748,,80.736001,85.739446
1989-01-01,,74.225236,69.757585,67.46001,61.407732,,47.229801,,68.727941,87.298744,76.594031,63.128509,84.316708,67.544051,44.261894,70.960733,62.661943,,80.407393,86.497214
1989-02-01,,74.591351,70.231263,68.322002,61.247462,,47.20721,,69.114518,88.275173,76.817398,62.811284,83.770606,67.429334,44.572463,72.271673,63.318453,,80.726313,87.336409
1989-03-01,,74.478916,70.524901,69.926793,61.372711,,47.332024,,69.965658,90.337129,76.997549,62.432211,83.27449,67.710508,44.563579,73.920885,64.644237,,81.568021,88.138824
1989-04-01,,74.628559,70.674331,70.681098,61.565899,,47.334904,,69.606449,92.112862,77.318908,63.031471,82.944824,67.654028,45.000726,75.447729,66.265394,,81.797629,88.990335
1989-05-01,,74.727887,71.132029,70.480702,62.629926,,47.485091,,69.640574,93.977489,77.194173,63.314233,82.968967,67.898129,45.443671,76.829355,67.768738,,82.34154,89.617435
1989-06-01,,74.632045,71.518892,70.91464,63.126976,,47.733019,,71.186129,95.548481,77.681337,63.885717,82.952795,67.662353,46.102678,78.307949,69.258945,,82.063954,90.47988
1989-07-01,,74.676018,71.787518,70.88701,63.77559,,47.644,,71.556679,96.705308,78.048329,63.850173,82.672051,67.564226,46.504364,79.359411,70.274983,,82.127433,91.259978
1989-08-01,,74.068315,71.916407,71.306561,64.594292,,47.775718,,72.648294,97.506762,78.56074,64.065918,82.626738,67.281344,46.969541,80.557515,71.362145,,81.496873,91.844476
1989-09-01,,73.706066,71.897759,70.875915,65.03565,,47.796009,,73.408308,97.985672,78.583545,63.997843,82.376365,67.139092,47.258836,81.583547,72.311018,,81.774272,92.352148
1989-10-01,,73.378883,72.048162,70.36465,65.228219,,48.120185,,74.266231,98.5486,78.623246,64.214024,82.361342,66.683583,47.669626,82.439308,72.952919,,81.995099,92.452602
1989-11-01,,73.309899,72.163951,69.56668,64.737466,,48.176762,,74.740905,99.288418,78.50943,64.42026,81.850064,66.520181,47.884947,82.996452,73.251494,,82.288558,92.447921
1989-12-01,,73.015618,72.479721,68.912132,64.94043,,48.060222,,74.985878,99.880993,78.742135,64.353181,81.315083,66.406523,48.674656,83.552315,73.024783,,82.053008,92.640404
1990-01-01,,72.755864,72.692784,68.499853,64.779398,,47.979759,,75.460648,100.22551,79.197852,63.843084,80.888086,66.555729,49.419224,83.774822,72.871295,58.233382,82.261409,92.987174
1990-02-01,,72.281678,72.918955,68.057519,65.132416,,48.084579,,75.140273,100.15143,79.480323,63.659516,80.528877,66.512385,50.273401,84.083869,72.945964,59.976534,82.420709,93.177802
1990-03-01,,71.190276,72.990436,68.683913,65.442798,,48.291772,,76.084177,100.01767,79.299745,63.976985,79.986075,66.439618,50.247616,84.432993,73.502061,62.29383,83.027542,93.019889
1990-04-01,,70.905339,73.179102,69.428321,66.513568,,48.401713,,76.771429,99.986753,79.242195,64.441666,79.344774,66.477806,51.086534,85.089407,74.572851,65.092096,82.642096,93.217961
1990-05-01,,70.416431,73.496145,69.972158,67.069035,,48.395126,,77.592453,99.791606,79.32656,64.726598,79.050937,66.436411,51.891881,85.532217,75.119731,66.824612,82.760829,93.008653
1990-06-01,,70.144714,74.099757,70.618673,67.942308,,48.745789,,78.341741,100.23966,79.78199,64.720846,78.961202,66.562718,53.536361,86.007827,75.151077,68.063463,82.570257,92.951674
1990-07-01,,69.840458,74.116957,71.233352,68.457291,,48.839076,,79.529903,100.0508,80.032289,64.631039,78.784193,66.605385,54.717092,86.016712,74.806809,68.299037,82.841542,92.805318
1990-08-01,,69.560113,74.32566,71.479004,68.950565,,48.994538,,80.951479,99.989021,80.108217,64.33713,78.205775,66.579893,56.018471,85.862313,74.454814,68.60733,82.668102,92.345688
1990-09-01,,69.304007,74.089317,71.613657,69.107727,,48.980162,,81.643631,99.256455,79.942834,64.26124,77.407064,66.253478,57.023797,85.759428,74.2386,68.133647,82.165872,91.80949
1990-10-01,,68.72322,74.115197,70.987706,68.971407,,48.861445,,82.412902,98.663135,79.672784,64.505805,76.803342,65.930643,57.385066,85.319381,73.440115,67.586109,81.733463,91.483633
1990-11-01,,67.361424,73.360273,70.731765,68.855442,,48.781117,,81.845793,97.361535,79.754359,64.403826,76.142661,65.410362,57.267314,84.975209,72.575809,66.875251,81.565929,91.0765
1990-12-01,,66.134571,73.462069,70.084593,68.524627,,48.526155,,81.784738,96.544244,79.412044,64.50217,75.59502,65.356325,56.723104,83.931136,71.468337,66.384369,81.712887,90.738725
1991-01-01,69.610578,64.965084,73.320733,70.044603,68.235018,,48.66848,58.244478,80.96044,95.277767,79.079214,64.213383,74.593867,65.257142,56.5347,83.131877,71.167853,65.52765,81.753505,89.375069
1991-02-01,69.172916,64.174506,73.255119,70.50253,67.960534,,48.675522,57.762603,81.58248,94.11625,78.554276,64.200721,73.690889,65.29429,56.935556,81.87263,70.267573,64.598407,81.76417,88.796243
1991-03-01,69.047657,63.574045,72.751154,70.629682,68.180033,,48.848872,57.6285,81.651851,92.825872,78.438221,64.192877,72.868025,64.604391,58.028954,80.892468,69.558301,64.467153,81.434211,87.591709
1991-04-01,69.401637,63.354759,72.882775,71.092623,69.104926,,49.203404,57.849509,81.674574,92.829015,78.550199,64.304201,72.294135,64.353381,58.387013,80.725913,69.463375,65.090826,81.463049,87.555728
1991-05-01,69.688718,63.835672,73.255939,71.362898,69.921822,,49.509127,58.364372,82.01645,93.372358,77.947395,64.750154,72.62894,64.373153,58.896551,81.405104,70.132534,66.025246,81.333935,88.606786
1991-06-01,70.143027,64.250859,73.485282,71.663696,70.545207,,50.091848,58.900799,81.909183,94.254216,78.490119,64.95457,73.503531,64.879231,59.540743,82.197397,70.82761,66.6809,81.770862,89.276416
1991-07-01,70.123977,64.49001,73.606783,72.155838,71.088658,,50.552675,59.289647,83.34874,94.848046,78.636051,65.65485,74.386889,65.504723,59.888719,82.588404,71.392207,66.932535,81.845718,89.566207
1991-08-01,70.477312,64.79042,73.585334,72.624222,71.305747,,50.858294,59.646458,84.06943,95.214519,79.557867,65.939384,74.896822,65.866752,60.170688,82.471621,71.515376,67.037273,82.097492,89.12998
1991-09-01,70.353923,64.831726,73.380982,72.593372,71.648055,,50.897877,59.698066,85.46062,94.917718,79.267199,66.135278,75.062754,66.044162,60.1953,82.201215,71.554177,66.989527,81.651198,88.817165
1991-10-01,70.287302,64.711823,73.576501,72.431857,71.524881,,50.991631,59.841864,83.810048,94.511857,79.307705,65.727355,75.010754,65.842451,60.635579,82.022906,71.208228,66.478595,81.515663,88.623933
1991-11-01,70.087613,64.045128,73.519128,72.225687,71.418726,,51.034232,59.709168,81.98136,93.665077,79.286659,65.676062,74.841088,66.103857,60.590375,81.759152,70.686633,66.131292,81.692481,88.748913
1991-12-01,69.902574,63.685711,73.797164,72.450755,71.00498,,51.081306,59.77752,82.869298,93.013898,79.090609,65.80734,74.735526,65.950079,61.079549,81.136838,70.051795,65.70452,81.753179,88.28608
1992-01-01,70.051135,63.178904,73.581438,72.710355,71.159067,,51.248109,59.563848,82.848944,92.44916,79.096216,65.646399,74.590495,66.012555,61.400229,80.484091,69.667322,65.608572,81.48831,88.249685
1992-02-01,69.884495,62.940719,73.558352,73.186018,71.21537,,51.940825,59.473205,83.093161,91.974289,78.51419,66.192646,74.378509,65.879494,61.537695,79.867567,69.478231,65.544647,80.395374,87.745407
1992-03-01,69.957257,62.972163,73.288464,73.511145,71.742323,,52.826259,59.557907,82.664673,90.969911,78.596766,66.603308,74.267196,65.934624,61.572536,79.977612,69.167486,66.178041,80.272858,87.973273
1992-04-01,69.910295,63.691894,73.254089,72.970676,72.159303,,53.478197,60.160943,82.469088,90.58173,78.97924,66.999857,74.40343,65.828348,61.795764,80.183358,69.259228,66.87313,80.630608,88.432667
1992-05-01,70.282944,64.088807,73.453079,73.355251,72.699659,,53.792797,60.611582,82.891675,90.399236,79.417356,67.078184,74.690347,66.021501,62.242572,80.401381,69.862158,67.571094,81.052656,88.967226
1992-06-01,70.586428,64.3849,73.602022,74.447223,73.158874,,54.176249,60.923602,82.836894,90.406288,79.783239,67.295937,75.135612,66.079754,62.7289,80.267887,70.02238,67.903183,81.219396,89.240608
1992-07-01,71.28824,64.461467,74.142271,75.484346,73.396895,,54.397806,61.147841,82.854659,90.061428,78.05263,67.503956,75.471415,66.263952,62.922348,80.103074,70.001574,67.981246,80.68737,89.082223
1992-08-01,71.513203,64.753077,74.412267,75.754203,73.770673,,54.769756,61.509184,82.801941,89.859981,77.948948,67.655896,75.790888,66.456569,63.485532,79.804469,69.64211,67.749383,80.56899,89.02738
1992-09-01,71.593623,64.634426,74.604743,75.822786,74.068976,,54.973635,61.676078,82.977058,89.112259,77.608081,67.588746,75.741961,66.540515,63.835433,79.577226,69.510693,67.43838,80.537277,88.744095
1992-10-01,71.169858,64.615059,74.376087,75.79439,74.211032,,54.96449,61.551244,83.652287,87.951213,79.541008,67.785244,75.481978,66.551108,64.230805,78.477951,69.281415,67.738403,81.496944,88.794849
1992-11-01,71.329147,64.171664,74.175194,75.823957,74.30093,,55.2056,61.358175,83.666649,86.795433,79.704654,67.929185,75.379507,66.520612,64.869265,78.18296,68.846224,67.568552,81.873151,88.746991
1992-12-01,71.328203,64.285171,74.416265,75.425018,74.1534,,55.353389,61.436206,82.907366,85.596156,79.986173,67.976649,75.345847,66.5863,64.779197,77.194551,68.205345,67.469098,81.528816,88.627791
1993-01-01,71.504959,64.438509,74.574461,75.379466,74.290495,,55.830467,61.360181,82.343241,84.879346,79.937989,67.699447,75.536513,66.834786,64.934331,77.247985,67.770795,67.487429,81.323606,88.734945
1993-02-01,71.259423,64.258538,74.680375,75.52959,73.957159,,56.053943,61.31668,82.666582,84.087911,79.92469,67.678532,75.424898,66.829735,64.951136,76.323206,67.436279,67.764622,81.170802,88.750629
1993-03-01,71.490926,64.001411,74.57603,75.799644,74.081964,,56.67757,61.201617,82.775072,82.763799,79.639163,68.404368,75.322602,67.20588,65.29603,75.943603,67.090171,68.193714,81.926904,88.729738
1993-04-01,71.935285,63.984922,74.484627,75.972584,74.625104,,57.054635,61.5761,82.335113,82.053976,80.132574,68.964485,75.335326,67.304484,66.291343,75.457389,67.592026,67.938395,82.377383,88.505246
1993-05-01,72.529087,64.557617,74.658604,76.577034,75.470749,,57.59026,62.064668,81.719857,81.674929,80.766096,69.365202,75.708252,67.749887,67.030473,75.569781,67.904574,68.139838,82.556587,88.483352
1993-06-01,72.915658,65.43045,75.127808,77.591412,76.066535,,58.420567,62.743283,81.732566,81.685653,81.35794,69.355385,76.436151,67.947794,68.054074,75.404437,67.991013,68.133364,82.353057,89.036656
1993-07-01,73.333601,66.105683,75.564003,78.102417,76.52645,,59.102736,63.205856,82.126986,81.107182,81.783548,69.79401,76.837533,68.441292,68.523478,75.023945,67.649724,68.175706,82.289317,89.400697
1993-08-01,73.612647,66.621091,75.730066,78.350101,76.670993,,59.929203,63.673563,82.733347,80.334444,82.136492,70.136963,76.989184,68.718188,68.627609,74.709235,67.627526,68.587728,82.807285,89.511905
1993-09-01,73.872468,66.621349,75.639207,78.34892,77.115323,,60.418614,63.830572,83.301197,79.765921,82.486453,70.713762,76.990985,69.284953,68.977694,74.793807,67.501823,69.20793,83.619136,89.17516
1993-10-01,73.910115,66.455221,75.815853,78.370438,77.37715,,60.991396,64.085655,83.695603,78.918863,82.816838,70.912342,76.922717,69.409256,69.454266,74.532221,67.176176,69.467397,83.924619,88.861897
1993-11-01,73.967786,66.330299,76.137178,78.418014,77.871888,,61.38496,64.286761,84.028988,78.3563,82.679592,71.226905,76.883569,69.810979,70.300216,74.506852,66.774928,69.648361,83.623807,88.572532
1993-12-01,74.27118,66.267456,76.741868,78.807256,78.049557,,62.014014,64.389763,83.780458,77.299389,82.88691,71.132889,76.708737,70.025908,70.516247,73.74102,66.274361,69.519091,82.846631,88.652413
1994-01-01,74.720589,66.355343,77.006236,79.620172,78.303408,,62.490863,64.301234,83.71645,77.002451,83.455939,71.484615,76.608628,70.534334,70.789359,73.840014,65.984129,69.823613,82.745912,88.628182
1994-02-01,75.083478,66.309107,77.093849,79.668507,78.172418,,63.042308,64.312252,83.478754,76.860141,84.249203,72.015177,76.433323,70.816552,71.097332,73.471334,65.79042,69.583268,83.123268,88.445225
1994-03-01,75.206594,66.647777,77.268294,79.641348,78.287952,,63.609836,64.600278,83.694202,76.469357,84.737367,73.10032,76.601471,71.279202,71.692296,73.390091,66.369926,69.836081,83.762706,88.56947
1994-04-01,75.262871,67.262953,77.501613,79.794361,78.793491,,64.438253,64.901583,84.038436,76.438841,84.852699,73.182993,76.882504,71.734317,72.547301,73.618397,67.051432,70.33174,83.757028,89.020384
1994-05-01,75.706108,67.627745,77.854556,80.402048,79.644585,,65.091806,65.416903,85.258954,76.394765,84.894251,73.122347,77.548918,72.140506,73.44713,74.31779,67.697531,71.511596,83.907763,89.783485
1994-06-01,76.147658,68.459658,78.27867,80.905243,80.153829,,65.859702,66.012585,85.837844,76.72375,85.306158,72.926394,78.195693,72.469784,74.188106,74.814055,68.14986,71.96874,84.005129,90.481906
1994-07-01,76.602934,68.841867,78.914857,81.190845,80.463896,,66.297523,66.617021,86.454959,76.950121,85.63357,72.894185,78.777557,72.995963,74.914188,75.10295,68.381696,72.122209,84.720859,90.770538
1994-08-01,76.884377,69.265249,79.522964,81.605086,80.680784,,66.713545,67.149546,86.371528,77.245447,86.110149,73.078024,79.078432,73.528968,75.435638,74.747534,68.404867,71.925304,85.245064,90.729028
1994-09-01,76.951487,69.247792,79.840173,81.679677,80.799835,,66.812271,67.478299,86.537352,77.131965,86.295936,73.117262,79.079243,74.055319,75.86585,74.231797,68.206011,71.926506,85.397225,90.5171
1994-10-01,77.254373,69.212088,79.865823,81.887629,81.025967,,67.025099,67.65162,86.692727,77.072621,86.473711,73.169084,78.874315,74.262788,75.994835,73.985852,68.170869,72.011768,85.104473,90.333715
1994-11-01,77.555529,68.87609,79.701292,81.764103,81.322246,,67.158296,67.66115,86.766747,76.58621,86.691167,73.223123,78.497978,74.463211,76.211165,73.60127,68.038349,71.99077,85.010943,90.176496
1994-12-01,77.94726,68.477157,80.031455,81.662321,81.133762,,67.397844,67.935567,87.174107,76.072805,87.01265,72.846901,78.358829,74.786949,76.192103,73.015107,67.934848,71.725483,85.253079,89.760003
1995-01-01,78.164322,68.298104,80.466548,81.376105,81.123654,,67.590966,68.720846,87.042496,75.913909,87.016053,72.957575,78.277474,75.107261,76.792498,72.580579,67.725745,71.71833,85.780458,89.271132
1995-02-01,78.263698,68.190152,80.936075,81.610288,80.753487,,67.823301,70.474413,87.33592,75.363046,86.641732,73.611524,78.294826,75.368909,77.057464,72.53043,67.402894,71.19517,85.533652,88.956924
1995-03-01,78.317865,68.310345,81.103431,81.800668,81.031556,,68.215317,70.246053,87.388513,74.987299,86.300564,74.590591,77.950881,75.519772,77.904398,72.414276,66.786195,71.435328,85.499556,88.623747
1995-04-01,78.397117,68.225599,81.500447,81.899952,81.892125,,68.600328,69.819704,87.99446,74.78304,86.467447,75.070226,77.765816,75.797825,78.056544,72.586686,67.083189,71.280518,85.514719,88.658151
1995-05-01,78.546394,68.787106,81.890143,82.133335,82.634928,,69.200247,70.053318,88.041737,74.923247,86.665517,75.311263,78.034744,76.16473,78.51806,72.62086,67.310637,71.877893,85.737261,88.909655
1995-06-01,78.755128,69.751126,82.52756,82.815563,83.695946,,69.625135,70.597662,88.02859,74.87967,86.983637,75.559058,78.580153,76.820426,79.500761,72.480152,67.501625,72.009182,86.430593,89.061202
1995-07-01,79.136365,70.438227,83.218217,83.37597,83.713084,,70.177918,71.145327,88.102649,75.061475,86.960549,76.053299,78.987218,77.259401,80.247601,72.629711,67.717876,72.619147,86.671213,89.157291
1995-08-01,79.567224,71.044584,83.827873,83.794695,84.181762,,70.580794,71.761255,88.599897,75.113987,87.387778,76.417313,79.173265,77.706094,81.222056,72.724551,67.777971,72.882784,87.115397,89.346267
1995-09-01,79.903358,70.943532,84.340181,83.916417,84.315869,,71.020557,72.399438,88.958866,74.87112,87.374315,76.571872,79.174574,77.865741,81.452887,72.712278,67.758173,73.023885,87.242898,89.323735
1995-10-01,80.098228,70.692633,84.57087,83.794829,84.664786,,71.262472,72.750247,89.212665,74.603906,87.636573,75.919525,79.105523,78.148717,81.917535,72.334602,67.302716,73.102449,87.384657,89.108907
1995-11-01,80.184132,70.192866,84.687949,83.965463,84.61126,,71.376042,73.11123,89.154612,74.128649,87.546007,76.011251,78.847393,78.39275,82.029654,71.793151,66.802283,72.923754,87.406704,88.681215
1995-12-01,80.384369,69.92863,84.974618,83.802074,84.389106,,71.49942,73.203124,89.042022,73.596462,87.691342,76.134397,78.695255,78.735093,82.542383,71.355959,66.434279,72.825796,87.125394,88.442465
1996-01-01,80.698745,70.147039,85.2363,83.774581,84.143924,,71.344246,73.328569,88.905448,73.39056,87.521297,76.21892,78.625164,79.100816,82.798115,71.363211,66.15038,72.354208,87.044922,88.200213
1996-02-01,80.973844,70.079707,85.675894,83.309624,84.193204,,71.425012,73.822826,89.252674,73.095011,87.430994,76.347737,78.727139,79.466636,83.503975,71.393639,65.96645,72.446879,87.084944,87.83098
1996-03-01,81.100008,70.570216,87.153504,83.481314,84.823352,,71.902593,74.201989,89.129147,73.065836,86.729504,76.500115,78.895952,79.925018,84.017474,71.222933,65.924306,73.212853,87.578839,87.799411
1996-04-01,81.494896,70.882288,87.968565,84.354847,85.958992,,72.720148,74.994763,89.588377,73.351191,87.104457,76.542704,78.944961,80.388214,85.181873,71.555959,66.438336,73.705315,87.748417,88.390753
1996-05-01,81.845596,71.521639,88.775076,84.879932,86.547857,,73.359351,75.717985,89.767449,73.882189,87.336298,76.675462,79.363085,80.73485,85.97838,72.047878,67.051875,74.247289,87.789223,88.826753
1996-06-01,82.258824,72.46919,88.620647,85.534876,87.096732,,73.579596,76.527232,90.261413,74.524619,87.61277,77.281141,79.517546,81.103544,86.629813,72.234796,67.667481,74.628319,87.900844,89.190853
1996-07-01,82.30499,73.237949,88.556281,85.753067,87.599533,,73.911204,77.287676,90.429743,74.713257,87.842662,78.137169,79.972145,81.453217,87.019411,72.262431,68.021894,74.678971,87.887685,89.330351
1996-08-01,82.614426,73.980345,88.675012,86.028404,87.779207,,73.972396,77.967467,90.370886,74.904057,87.971813,78.569081,80.311192,81.872182,87.268476,72.020573,68.346189,75.012334,88.201198,89.41221
1996-09-01,82.930273,73.864697,88.49433,86.028134,87.900041,,74.261147,78.51244,90.101471,74.685505,88.127883,78.889677,80.451817,82.096251,88.131917,72.231878,68.433481,74.68497,88.09543,89.287989
1996-10-01,83.143987,73.901256,88.525269,86.10349,87.918493,,74.512468,78.975315,89.879756,74.697802,88.10696,79.171427,80.349386,82.207017,89.15247,72.068092,68.529944,74.949429,88.456888,89.213071
1996-11-01,83.36181,73.576157,88.69286,86.213892,87.847933,,74.809441,79.24341,89.580765,74.498298,88.235677,79.514122,80.020986,82.300694,90.156491,72.198959,68.718298,74.669457,88.374241,88.939181
1996-12-01,83.33202,73.844033,88.867869,86.288316,87.687751,,75.066563,79.188585,90.012721,74.154267,88.164242,79.664049,80.029168,82.338646,90.592473,71.744442,68.686845,74.700975,88.764872,88.453419
1997-01-01,83.54333,74.016716,89.277058,86.039568,87.21197,,74.960423,79.103058,90.493141,73.913099,88.13941,79.72701,80.080952,82.586181,90.793863,71.951529,68.803613,74.844445,88.516032,88.257762
1997-02-01,83.53518,73.932646,89.385276,85.836423,87.616341,,75.153663,78.914143,91.38789,73.542946,87.944806,79.588702,80.076554,82.896056,91.684845,72.043234,68.813253,75.430672,88.373763,88.171973
1997-03-01,83.781261,74.4805,90.295851,86.213557,88.154654,,75.686349,79.698118,91.618478,73.975942,87.928377,79.408105,79.97496,83.388608,92.630293,72.4489,69.78462,76.332127,87.59295,88.468134
1997-04-01,84.373005,74.917022,90.415033,86.419038,88.599452,,76.36229,80.494554,91.46083,74.820562,88.329827,79.303938,80.02966,83.880945,93.527655,73.039302,71.090032,77.712654,88.166339,88.439357
1997-05-01,85.032641,75.861567,90.848511,86.743405,89.182519,,76.953251,81.446767,91.482278,75.717369,88.582953,80.023412,80.527667,84.258546,93.922258,73.558004,72.194536,79.179019,88.566263,88.876421
1997-06-01,85.384534,76.904818,91.006106,87.263134,89.329011,,77.600662,82.213589,91.802124,76.61715,88.812592,80.645737,81.526856,84.519727,93.449046,74.490715,73.116117,80.350359,88.869565,89.402165
1997-07-01,85.608415,77.609897,91.554272,87.881548,90.064482,,78.219064,82.795225,92.320114,77.198898,88.82641,82.332587,82.316418,84.562373,93.521365,74.985611,73.752122,81.443672,89.134604,89.675223
1997-08-01,85.747683,78.143001,91.826948,88.344782,89.915376,,78.763634,83.198943,92.739272,78.069389,88.997029,82.729116,82.716029,84.835744,93.202102,75.726933,74.434236,81.715025,89.544853,89.971485
1997-09-01,86.262404,78.332173,92.182328,88.464858,90.371668,,78.879116,84.002301,92.881099,78.287165,89.312902,82.256069,82.799579,85.256383,93.366864,75.950786,74.755709,82.104899,89.707014,89.928698
1997-10-01,86.523197,78.638359,92.405591,88.624866,89.986295,,79.144064,84.412259,93.097316,78.768781,89.713935,82.551536,82.841735,85.808816,93.110328,76.469021,75.22418,82.315492,89.712022,89.977666
1997-11-01,86.945162,78.769816,92.320574,88.993749,90.49445,,79.454159,84.844231,93.007488,78.967488,90.029384,82.524361,82.936258,86.172151,93.498066,76.773637,75.311928,82.684622,89.747593,89.750555
1997-12-01,87.092886,78.938596,92.145505,89.175047,90.373383,,79.906757,84.811713,93.04176,79.504489,90.496224,82.757433,83.111322,86.409202,93.766924,77.571735,75.808032,83.145306,90.202728,89.710034
1998-01-01,87.40493,79.242662,92.129248,89.685391,90.782921,,80.168033,84.977787,92.940426,80.279692,90.803445,82.681364,83.364178,86.640946,93.602959,78.23313,76.188195,83.494655,90.678269,89.502641
1998-02-01,87.60301,79.480517,92.36841,89.752292,90.762692,,80.325723,85.407428,93.299734,81.142166,90.878334,83.056292,83.848987,87.090612,93.571773,79.034576,76.525541,84.614098,90.814323,89.328908
1998-03-01,88.198655,80.203432,92.85894,89.994267,91.101427,,80.690074,85.669916,94.484116,82.73193,90.747835,83.033505,84.279125,87.516556,94.068625,80.445205,77.483185,85.70072,90.909538,89.41902
1998-04-01,89.034211,81.071395,93.215837,90.121807,91.87532,,81.478566,86.377844,94.583803,83.957552,91.025892,83.745455,84.758026,88.062038,94.952183,81.880622,79.080277,86.921143,91.205836,90.053327
1998-05-01,89.860044,82.548745,93.994984,90.882144,92.606695,,82.397026,87.253522,94.503947,85.404637,91.427933,84.352912,85.516379,88.599512,95.610421,83.133314,80.823642,88.055634,91.46992,90.784174
1998-06-01,90.490821,84.119454,94.45158,92.007565,93.626265,,83.365166,88.023182,94.321921,86.967912,92.119407,85.258555,86.584511,89.410885,96.142647,84.567222,82.406085,89.164375,91.972996,91.755336
1998-07-01,90.761036,85.419594,94.776464,92.590263,93.936536,,84.198652,88.786146,94.580992,88.619712,92.667926,86.140874,87.701677,90.048436,96.439681,85.807613,83.519917,90.011144,92.721909,92.285323
1998-08-01,90.987695,86.404567,95.044568,93.019368,94.102866,,85.05319,89.386668,94.685424,89.982483,92.978355,86.880976,88.481815,90.539413,96.813536,87.050247,84.410529,90.411444,92.996165,92.759503
1998-09-01,91.276019,87.193788,95.169359,92.801361,94.167932,,85.792541,90.009375,95.137229,90.949734,93.197586,87.359745,89.040909,90.860559,97.029979,87.815811,85.063768,90.921943,93.471718,92.78956
1998-10-01,91.951261,87.323653,95.416682,92.820123,94.341565,,86.459082,90.420387,95.136904,91.384576,93.246489,88.010834,89.310894,91.151557,97.293985,88.086171,85.047106,91.38396,93.446467,92.878738
1998-11-01,92.548349,87.137728,95.388269,92.135425,94.543138,,86.961541,91.020828,95.45835,91.379776,93.492498,88.787998,89.406179,91.594959,97.410364,88.276519,84.657565,91.724177,93.80404,92.976622
1998-12-01,92.950853,87.449484,95.481471,92.398986,94.594289,,87.248597,91.613593,95.46004,91.2985,93.751658,89.323157,89.428293,92.042279,97.875291,88.329613,84.504416,91.552145,93.958037,93.206237
1999-01-01,93.289503,88.479783,95.728289,92.424147,94.953196,,87.934049,92.257901,95.916193,91.222674,94.01306,89.730921,89.490712,92.405315,98.19191,89.182631,85.028095,91.656837,94.003347,93.467751
1999-02-01,93.638733,89.26343,96.048326,92.6825,94.934807,,88.674041,92.68904,96.38346,91.461564,94.213756,89.986083,89.886828,92.913116,98.593538,90.046662,85.928244,91.981863,94.191248,93.407897
1999-03-01,94.34293,90.136336,97.191968,92.830528,95.673114,,90.216122,92.815787,96.328674,92.374158,94.74784,90.416451,90.563924,93.807238,98.195302,91.321832,87.508946,93.23322,94.276791,93.894429
1999-04-01,94.984934,91.171499,98.120944,94.067591,96.627083,,91.314009,92.949762,96.586422,93.946503,95.665973,91.532001,91.5898,94.631384,98.738222,92.272664,89.20741,94.657842,95.187543,94.98422
1999-05-01,95.912532,92.79049,98.903028,95.371723,97.366084,,92.50578,93.816107,97.272349,95.274848,96.206945,92.358096,92.487538,95.136257,99.377652,93.112809,90.823391,95.971915,96.01679,95.810356
1999-06-01,96.659181,94.287468,99.31931,96.833453,97.860758,,93.745497,94.825565,98.069573,96.623708,96.175164,93.626809,94.069386,95.768032,100.07953,94.654183,92.51839,97.163268,96.662716,97.093974
1999-07-01,97.315624,96.079145,99.545815,97.511888,98.061584,,94.916339,96.223608,98.583758,97.493976,96.792209,94.786304,95.470509,96.333568,100.34639,95.707244,94.201227,97.642368,97.462397,98.146986
1999-08-01,97.616156,97.265586,99.699251,98.105384,98.539984,,96.143313,97.015029,98.527174,98.303267,97.31715,96.222061,96.881042,97.230605,100.64566,96.880455,95.138998,98.109029,97.789695,99.145372
1999-09-01,98.011237,98.328543,99.823153,98.305496,98.761003,,97.621732,98.028802,99.028539,98.628305,98.006417,97.698426,97.672896,97.90688,100.70557,97.766691,96.151302,98.657531,98.215097,99.578241
1999-10-01,98.59376,99.133694,99.467582,98.97241,99.217016,,98.542808,98.478875,99.336074,98.992759,98.051509,98.833849,98.244016,98.560888,100.90984,98.545109,96.716571,99.450257,98.803903,99.527177
1999-11-01,99.115179,99.674177,99.304683,99.38222,99.539624,,99.058606,99.104358,99.781521,99.342872,98.679999,99.536586,98.59035,99.034724,100.33655,99.186491,97.8657,99.955786,98.94272,99.389266
1999-12-01,99.757254,100.00995,99.606645,99.843537,99.733097,,99.424376,99.644139,99.687817,99.786531,99.521222,100.02427,99.282316,99.485184,100.29003,99.47196,98.898515,99.935785,99.916211,99.734499
2000-01-01,100.0,100.0,100.0,100.0,100.0,100.0,100.0,100.0,100.0,100.0,100.0,100.0,100.0,100.0,100.0,100.0,100.0,100.0,100.0,100.0
2000-02-01,100.80318,100.36362,100.42882,100.52028,99.632754,101.82326,100.72792,100.43985,100.32938,100.61896,100.21244,100.21685,100.54404,100.4262,100.51948,101.07474,102.69766,100.48036,100.51423,100.53061
2000-03-01,101.18145,101.30991,100.91533,101.52948,100.35299,102.03669,101.98901,100.65027,100.90065,102.1278,100.74446,100.58169,101.26767,101.42142,100.90713,103.25935,106.55867,102.23654,100.74589,101.70257
2000-04-01,102.50251,103.26949,102.26978,102.77818,101.42,103.20051,103.07386,101.00343,101.20092,103.7041,101.82893,102.00763,102.40843,102.12527,101.99237,105.41603,110.96653,103.45586,102.02037,103.34476
2000-05-01,103.38305,105.85119,102.67531,104.37852,102.3038,104.1144,105.25747,102.09317,101.93274,104.98908,102.80919,103.74139,104.34942,102.97905,102.28979,107.15188,115.01005,104.78048,103.26039,104.90695
2000-06-01,104.58345,108.48472,103.27498,106.07881,102.65167,104.2777,107.32262,103.19376,102.44396,106.35687,103.49209,105.49299,106.00344,103.88864,102.69719,109.63979,118.44729,105.27944,104.34821,106.29148
2000-07-01,104.8097,110.00193,102.84846,107.01059,102.60215,104.66346,108.92824,104.39795,103.1429,107.23331,103.67034,106.74296,107.52177,104.34644,102.97923,111.20517,119.48304,105.81626,105.4459,107.7155
2000-08-01,105.09463,111.38234,103.01991,107.39333,102.91634,105.0381,109.99537,104.70004,103.72677,108.18488,104.37173,108.00681,108.89538,104.91929,103.2983,112.83837,119.95064,105.8772,105.79208,109.1044
2000-09-01,105.0796,112.66529,102.88208,107.29769,103.05188,105.73049,111.35245,105.31634,104.50542,108.9445,105.2252,109.31715,109.76389,105.33906,103.31053,113.66286,120.93617,106.10128,106.13723,110.17631
2000-10-01,105.55835,114.10635,102.87821,107.28501,103.59165,105.69277,112.33239,105.57578,105.16108,109.55771,106.24741,110.57378,110.51331,105.67377,103.33388,114.22066,123.0771,106.08324,106.6454,110.49833
2000-11-01,106.04464,115.36399,102.95397,107.4257,103.44726,106.194,113.35406,106.57563,105.33981,110.11861,107.55623,111.99397,110.89167,105.92548,103.21367,115.48503,125.66195,106.33236,108.18206,110.98727
2000-12-01,106.34699,116.56369,102.40716,107.86091,103.91725,106.19962,114.2386,106.89998,105.35869,110.12042,108.89294,112.23472,111.86853,105.878,103.83929,116.31841,128.57666,106.73249,110.08987,111.96404
2001-01-01,106.62555,117.66691,102.86199,108.34597,103.93552,106.49335,114.74751,107.17866,105.22569,110.8808,110.28227,113.13042,112.65666,105.92923,103.91505,117.54117,131.16016,106.69901,110.81976,112.73117
2001-02-01,106.89584,118.51395,103.1453,108.62705,103.93486,107.09404,115.78556,106.98352,105.38919,111.31561,110.76112,113.56991,113.51106,106.27014,104.01086,118.45842,133.27125,106.71778,111.40944,113.98624
2001-03-01,107.24447,119.9414,103.69568,109.37686,104.06544,108.33494,116.32965,107.27747,106.20865,112.97801,111.94038,115.14848,114.48458,107.04727,104.31661,121.18706,134.09724,107.40836,111.60655,115.39719
2001-04-01,108.07912,121.53754,103.80531,110.63088,104.37258,109.77023,117.94848,107.60337,107.40304,114.12192,113.31531,116.05043,115.60046,107.85289,105.13663,122.92901,134.38318,108.97132,113.1389,117.89705
2001-05-01,108.74402,123.11079,104.57769,112.12345,105.36755,110.45024,119.20261,108.30169,108.56195,115.31479,114.83847,117.53424,116.38332,108.64644,106.1134,124.29813,134.08919,109.75823,113.62191,119.29911
2001-06-01,109.77393,125.11536,104.93922,113.78947,106.31308,111.20353,120.45287,109.06549,109.76394,116.46524,115.96813,119.55046,117.89709,109.19178,107.13225,125.28156,132.64323,110.55632,115.31916,120.92701
2001-07-01,110.24375,126.76023,105.486,115.19917,107.19893,111.11606,121.11735,110.08341,110.92965,117.3574,117.08194,121.66791,119.6558,109.84973,108.02743,126.33634,130.9545,110.83636,116.56536,122.30823
2001-08-01,110.70763,128.2592,105.17698,116.18547,107.82383,111.38947,121.77786,110.9117,111.73573,118.67334,118.29956,122.86354,121.41185,110.36138,108.82621,127.19328,129.14919,111.23191,118.26582,123.60992
2001-09-01,111.0899,129.6247,105.15813,116.6947,107.91719,111.22104,122.41302,111.52902,112.54292,119.50897,119.66565,124.21513,122.90762,110.75242,108.99981,128.19254,128.60237,111.71659,118.38085,124.49544
2001-10-01,111.24112,130.50783,104.59095,116.81663,107.48376,111.42604,122.35525,111.65822,112.73285,120.15862,121.32231,125.21869,123.86274,111.20141,108.93071,129.14112,128.01327,111.93572,119.04828,124.86691
2001-11-01,111.16514,130.94031,104.33047,116.76858,106.63043,111.36899,121.92681,111.46938,113.30321,120.48479,122.89449,126.26657,124.74041,111.31471,108.40064,129.71055,126.98901,111.97487,119.58713,124.93259
2001-12-01,111.00552,130.0581,104.04521,116.87619,106.09643,111.61885,121.32222,111.51981,113.32106,120.64875,124.01776,126.54599,124.716,111.56955,108.1198,129.31336,125.46555,111.58173,120.21051,125.65314
2002-01-01,111.18137,129.93234,104.12308,116.96487,106.21111,111.76329,121.29869,111.30951,113.7043,121.45291,124.51787,126.18325,125.19302,111.61452,108.13024,128.79311,125.12633,111.79443,120.33341,125.98675
2002-02-01,111.66977,129.63485,104.4757,117.2857,106.44568,111.39807,121.21407,111.53044,113.9577,122.25645,125.05837,125.92206,125.40003,112.05215,108.5258,129.8186,126.05652,112.06778,120.39698,127.18561
2002-03-01,112.01591,131.21085,105.17496,117.66348,106.94471,112.36734,122.05278,111.53435,114.31583,124.11952,126.34869,126.72286,126.50296,112.63214,110.17599,131.75683,128.78729,112.74016,122.06586,128.46686
2002-04-01,112.39136,133.33581,105.97879,118.96791,107.81872,113.14244,122.70232,111.56461,114.71855,126.23434,127.84043,127.53376,127.9294,113.34157,110.64914,135.04047,132.61909,113.39799,123.35035,130.77506
2002-05-01,113.0101,136.76195,106.38282,120.38496,108.69261,113.81221,123.94509,112.22559,115.63077,128.73119,129.8341,129.38858,129.88612,114.04562,111.61097,138.14432,136.06845,114.17695,124.7566,133.40029
2002-06-01,113.74739,139.56254,106.86426,121.5636,109.78579,113.96153,124.75373,113.32498,116.6994,131.58745,131.59159,131.06387,132.20417,114.82586,111.87492,141.41353,139.34645,114.84187,125.70438,135.66521
2002-07-01,114.31265,141.76698,106.89502,122.77092,110.24798,113.97663,125.46386,114.4441,117.61096,133.96556,133.38603,132.7489,135.18187,115.40782,113.06345,144.15173,141.01991,115.27949,127.18198,138.47705
2002-08-01,114.67837,143.66089,107.3714,123.48986,110.44375,114.42267,125.5493,115.03731,118.33558,136.59175,134.9094,134.11196,137.74283,115.90325,112.94469,147.24958,141.92851,115.49057,128.18337,140.67782
2002-09-01,114.76062,145.85363,107.57403,124.07231,110.20244,114.50356,125.65518,115.48414,118.90744,138.62004,136.76466,135.10971,139.68781,116.14118,113.03113,149.54236,142.29211,115.62189,128.89703,142.38714
2002-10-01,114.85702,147.43137,107.44932,124.6556,110.16051,114.15161,125.69412,115.49928,119.98427,140.76478,138.624,136.52122,141.58232,116.4198,112.85552,151.8688,142.74374,115.88018,129.47649,143.30275
2002-11-01,114.91014,148.3281,107.22747,125.37772,109.65287,113.79526,125.83966,116.12332,120.93447,142.07137,140.08555,137.25543,143.29037,116.59031,113.09306,153.5797,143.06171,115.86801,130.4329,143.77068
2002-12-01,114.90744,147.27826,107.1757,126.26935,109.98097,113.81996,125.41284,115.92364,121.73218,143.25814,141.97661,138.53256,145.19615,116.70184,113.50994,154.42953,142.40219,116.18009,132.17929,144.95541
2003-01-01,115.1202,146.79247,107.6816,126.767,110.1512,113.89493,124.80983,115.51847,121.94003,144.27185,143.77936,138.59118,146.54579,117.10013,113.69076,155.40344,141.897,115.79591,133.21543,145.1858
2003-02-01,115.23431,147.1832,107.84574,127.47521,110.5757,113.37912,124.33236,114.67601,122.45672,145.29663,145.45826,138.87612,147.29853,117.71689,114.18092,156.16847,142.19126,116.26887,134.29403,146.00572
2003-03-01,115.84375,148.99261,107.80047,128.25757,110.81865,112.93244,124.86778,115.29703,122.93695,147.23021,147.09493,138.94589,148.37656,118.74962,114.83626,157.75065,142.99833,117.03797,134.55565,146.74526
2003-04-01,116.05778,150.42101,107.69451,129.05119,111.87733,113.22311,125.16693,116.33895,124.46381,149.64871,148.35664,139.72896,149.53033,119.37305,115.8584,160.22563,144.69143,118.23314,136.1588,148.92387
2003-05-01,116.87975,152.14643,107.85517,130.51735,113.03614,113.91383,125.66573,117.43928,125.67867,152.26745,149.75245,141.29465,150.8769,119.99813,116.94193,162.55167,145.53147,119.23233,137.8536,151.53293
2003-06-01,117.35099,153.30481,108.75209,131.42787,114.03187,114.96261,125.60781,117.76837,127.3772,154.9822,150.67002,142.43714,151.85941,120.79071,118.28162,165.25773,146.52967,120.14585,138.6982,154.00035
2003-07-01,117.79314,154.20538,109.02837,132.49741,114.71407,115.29414,126.06943,118.1938,129.30417,158.3402,152.64563,144.29924,153.50076,121.78535,119.2147,167.98262,147.74974,120.83713,139.6122,156.46975
2003-08-01,118.16712,154.97393,109.45824,133.00694,115.55148,115.39148,126.72454,118.35589,131.84887,161.88628,155.07068,145.76779,155.14091,122.88731,119.94785,171.27355,148.72261,121.87849,140.13729,158.70123
2003-09-01,118.53354,156.37824,109.23633,133.93722,116.07839,115.25655,126.93707,118.87692,134.16368,165.2921,157.28362,147.40151,157.09962,123.81856,120.4935,175.03047,150.24604,122.41872,142.35524,161.00572
2003-10-01,118.39794,157.63122,110.17744,134.87473,116.46097,114.88704,127.04678,119.52151,136.7683,168.40113,159.58724,148.46399,158.72857,124.74643,121.03039,178.69865,151.74976,123.43363,143.72613,162.65135
2003-11-01,118.44689,158.6344,110.53171,135.91264,116.12164,114.58539,127.07944,119.81349,139.15907,171.11312,161.10973,149.35091,160.59084,125.52541,121.66459,181.79235,153.35529,123.52643,145.27483,164.14054
2003-12-01,118.31143,158.57825,110.65267,137.09175,116.13942,114.04662,126.97537,119.82264,142.68806,173.98178,162.92928,149.43254,162.31371,126.3261,122.09592,184.11199,154.62334,124.38231,145.60732,165.78984
2004-01-01,118.67343,158.54191,109.7476,137.64827,115.61921,113.99536,127.2015,119.57452,145.95496,177.00621,164.82098,149.6957,163.62784,126.60891,122.06212,186.33059,155.9269,124.4173,147.90499,167.78589
2004-02-01,118.65248,159.18994,109.63373,138.09819,115.46608,113.79515,127.20846,119.2955,149.93345,180.48967,166.65351,149.94856,164.92005,127.27726,122.41191,189.89276,158.10907,125.21771,149.03857,169.50593
2004-03-01,119.05839,161.0995,110.41751,138.08016,115.58665,113.24766,127.72952,119.9108,157.87069,186.55191,169.995,150.77031,166.61077,128.49839,122.74706,196.40417,160.89885,126.32701,151.56122,172.29575
2004-04-01,120.10415,164.29133,111.6617,139.26297,117.05196,114.20496,128.34398,120.48614,166.31938,193.21553,172.60687,152.20147,168.29739,130.09813,124.9709,203.63515,164.65024,128.2277,152.53209,176.61982
2004-05-01,120.8817,166.59097,112.58339,141.27597,117.89533,115.37063,129.12303,121.31854,174.97659,199.5839,176.40309,153.70631,170.51549,131.95381,126.55719,210.94118,167.7579,130.14507,154.95978,182.19475
2004-06-01,121.48976,168.56892,113.45813,142.56761,118.63305,116.39772,130.44693,121.63266,185.5519,206.38488,179.64002,155.97725,172.90088,134.00164,128.19155,218.17627,171.50576,131.94361,157.77311,188.01551
2004-07-01,122.23489,169.69163,113.81984,143.95815,119.02059,116.93388,131.10297,122.01182,195.02863,211.07595,183.1191,157.1479,175.73856,136.42104,129.5285,224.22245,173.8456,133.26728,160.22332,192.08008
2004-08-01,122.85835,170.89885,113.5383,144.75835,119.45668,117.17607,131.82912,122.25651,201.70593,213.49125,186.77536,158.61276,177.93004,138.66432,130.89001,227.6691,175.88631,134.21496,163.08615,195.39106
2004-09-01,123.3679,172.18227,113.39518,146.0405,119.75393,116.9752,131.87191,122.76309,205.49018,215.08165,190.68335,159.35769,179.79171,141.64087,132.47218,230.64366,178.15271,135.22424,165.88585,198.2356
2004-10-01,123.26726,173.96567,113.34035,146.89477,119.55046,116.75704,132.17649,123.02741,207.07399,215.73785,194.29124,160.09506,181.90317,145.06704,133.66786,232.27632,180.74952,136.07669,168.7037,200.78714
2004-11-01,123.27167,174.04114,113.74835,147.85645,119.40542,116.44936,132.15813,123.25341,207.47596,216.58175,197.64355,160.4969,183.69004,148.5944,134.54726,232.62633,183.1461,137.37635,171.33399,203.30817
2004-12-01,123.5268,173.42251,114.15495,148.85242,119.58411,116.57966,132.40474,123.21009,207.61685,217.33848,201.37065,160.49058,185.15536,152.37747,134.96366,233.08084,185.71823,138.60609,174.06017,206.0558
2005-01-01,123.83512,173.43406,114.25705,149.69482,120.10002,116.38919,132.33585,123.05833,207.35048,219.40768,205.41952,161.0106,187.19388,155.49277,135.45651,233.77613,189.34689,140.18447,177.03925,208.63254
2005-02-01,124.20557,174.76378,114.31563,151.02442,120.11148,116.45745,132.62621,123.18551,209.30911,222.28893,209.66838,161.02647,189.2878,160.00178,136.35223,235.64335,193.49727,141.31422,180.06068,212.24121
2005-03-01,124.70273,176.92231,114.31423,151.84948,119.72428,117.37315,132.7327,123.46311,210.98108,226.75259,215.44363,161.11155,192.1676,165.96431,138.30147,236.55785,198.29758,143.70247,183.74395,217.8595
2005-04-01,125.92175,179.03836,114.90665,153.28009,120.65258,118.36502,133.84959,124.32595,214.51607,231.58679,221.41517,162.08054,194.10349,173.08342,141.13612,239.58499,201.86259,146.21159,187.21859,224.08883
2005-05-01,127.12336,181.1717,116.08876,154.71989,121.87434,119.47166,134.8157,125.31668,217.27812,236.67653,227.10261,163.46945,195.963,180.16373,144.36208,241.9984,205.52072,148.96908,191.35864,229.86548
2005-06-01,128.53212,181.33139,117.96848,156.16159,122.43345,120.02775,135.70857,125.47357,219.86597,241.69702,233.42413,165.04165,197.76561,188.95775,148.36922,245.34751,208.92438,151.78675,196.60065,235.37846
2005-07-01,129.03302,181.89676,119.01967,157.37931,122.77593,120.82903,136.46865,125.76706,221.92709,246.36617,238.98054,166.09182,199.86446,197.14783,151.82134,247.33038,211.55884,154.11081,201.65056,239.49883
2005-08-01,129.50975,181.67387,119.83062,157.81365,123.16379,121.15007,137.19166,125.64849,224.51485,251.09562,245.23788,167.14522,202.32975,204.93588,155.03875,248.45465,212.86304,156.61166,207.20988,242.06217
2005-09-01,129.49169,182.45434,119.59683,159.32255,123.17305,121.62157,137.60251,126.02828,226.58901,255.84527,251.20925,168.42149,204.82675,211.45412,158.2178,249.02561,214.73006,158.99455,213.19046,244.10525
2005-10-01,129.63311,182.07203,120.29487,160.4689,123.1267,121.6638,137.69395,126.27829,227.80856,260.15581,256.98999,169.43454,207.63637,215.94855,160.43728,249.78653,215.55285,161.06011,219.1619,245.44006
2005-11-01,129.83351,181.68786,120.25964,162.43987,122.7211,122.11284,137.53136,126.68442,228.76754,262.56457,261.00199,170.33648,210.3018,219.12463,162.49058,250.3439,215.70467,162.72606,223.8502,246.69728
2005-12-01,130.21033,179.44238,120.8221,163.1629,122.70865,122.20399,137.49776,127.0477,229.41521,264.76966,264.82602,170.3298,212.67977,220.74984,164.00055,248.55185,215.10663,164.1977,226.75382,247.36782
2006-01-01,130.58639,178.17359,119.96009,163.97782,122.11713,121.91083,137.42036,126.66271,230.48451,265.92041,268.24818,169.55995,213.49584,221.80593,165.32963,247.4588,214.78221,165.49081,228.98378,247.69905
2006-02-01,130.61265,176.28399,120.50755,164.6689,121.03745,121.32849,137.12373,126.38862,231.93601,267.74606,271.68448,169.32027,214.46956,222.65251,167.03162,247.88913,215.49524,167.08682,230.90996,248.38637
2006-03-01,130.61501,177.11963,121.41266,164.89497,120.57883,121.52173,136.92687,126.12181,232.38073,268.23174,274.02374,168.70625,214.3266,223.53471,169.86837,248.09239,216.03672,169.45548,233.56687,248.8642
2006-04-01,131.50546,177.624,123.38305,165.58482,120.85346,122.39961,137.27999,124.29536,233.78192,270.43792,276.36909,169.68787,214.97114,225.11916,172.5946,249.35429,217.5248,172.28387,235.8485,250.1749
2006-05-01,132.72216,178.60863,124.69995,166.61074,121.80326,123.28627,138.30875,123.77687,234.38816,272.12391,278.67985,170.38244,215.57083,226.50947,175.19527,249.14343,218.3652,174.83589,237.92459,251.06676
2006-06-01,134.00775,177.89666,126.48332,167.10152,122.9315,124.49855,139.4586,123.11917,233.75331,273.21757,278.21755,170.90209,215.82694,227.41919,177.71883,249.59549,218.12333,177.80726,237.68129,250.98792
2006-07-01,134.90449,177.79323,127.96347,167.57111,123.49171,125.36724,140.2632,123.24371,234.2931,273.84899,278.33367,170.73805,215.24781,227.38094,179.66296,249.05287,217.63471,179.95718,238.08629,249.91881
2006-08-01,135.27393,177.28077,128.72253,167.98795,123.38827,125.70066,140.28483,122.99986,234.78128,273.80133,276.7975,170.97073,214.33587,227.00792,181.02124,247.29631,217.22063,181.84147,236.81661,247.94337
2006-09-01,135.10353,176.33775,129.04483,168.59601,122.27142,125.18592,139.64593,122.53845,234.70556,273.93983,277.22865,171.12354,214.08663,225.19736,181.70683,246.59693,216.37493,183.07564,236.42014,244.78118
2006-10-01,134.73198,175.72115,128.51058,168.58504,121.43383,124.58129,138.61931,121.7862,233.80422,273.6625,278.91299,170.63746,214.28671,224.49635,181.6243,244.03443,215.42315,183.78729,234.01844,243.73395
2006-11-01,134.17568,172.59157,128.94409,168.18289,120.30248,123.85171,137.65318,120.93519,232.56269,273.05079,280.3,169.84672,214.24008,223.13441,181.33654,242.10949,213.83628,183.87933,232.86463,242.27907
2006-12-01,134.0095,170.31375,128.8847,167.65038,119.5948,123.66966,137.10521,119.5058,231.57448,270.02539,280.8672,168.82333,213.79409,221.50064,180.27343,238.07884,212.12954,183.97305,230.91232,240.4512
2007-01-01,133.4454,168.29266,129.43493,167.5188,118.61369,122.63606,135.86478,117.96078,230.52389,268.68161,279.41829,167.94609,212.77935,220.20203,179.79492,237.14569,211.77997,183.91548,228.86248,238.85282
2007-02-01,133.30373,168.04048,129.30793,167.49113,117.61881,122.7292,134.85885,116.84964,229.64316,266.62676,279.43169,166.82929,212.51907,218.0681,179.8984,235.52887,210.77764,184.84833,228.45772,237.97513
2007-03-01,133.22006,168.52192,130.44138,167.03695,117.60022,123.15619,134.20101,116.4424,228.5508,264.5839,276.88611,165.55515,212.3974,216.8646,181.71535,233.27191,211.08721,186.44379,226.58256,237.14172
2007-04-01,134.27405,169.60701,131.98207,165.87295,117.56656,124.70646,134.86099,114.37848,226.65334,263.36574,273.53344,164.77806,211.61929,215.04072,183.55185,232.65752,211.47365,188.88916,224.12695,236.1716
2007-05-01,135.03403,170.96042,133.41808,165.68326,118.36915,125.4936,136.32072,112.16126,224.79324,263.18858,269.51744,164.40302,210.50821,213.9389,185.21216,231.78135,210.88838,190.67912,221.964,235.41267
2007-06-01,136.1103,171.29126,135.05428,165.93897,118.34992,126.46739,138.09262,110.71875,221.86108,262.12342,264.88517,164.28898,209.49415,212.51566,185.76339,231.35903,209.48223,191.91898,219.28113,234.01717
2007-07-01,136.47283,171.76759,135.60497,166.12922,118.67924,126.2979,139.24075,111.86445,219.91496,260.84047,260.38537,164.96788,208.36548,210.77614,186.50764,229.66249,208.63833,192.30052,217.14133,232.16743
2007-08-01,136.43524,170.83539,135.88189,165.77486,118.35539,126.30715,139.71717,111.58821,216.82516,258.07131,255.29038,164.66799,207.18115,208.86063,185.99581,226.72688,208.14881,192.14286,212.91848,230.20693
2007-09-01,135.55144,170.72505,135.12932,164.41868,117.35161,125.42228,138.43635,110.83014,213.4659,254.7869,249.60946,164.20192,206.38613,205.27674,185.66874,222.81812,206.46168,191.65999,210.13978,229.24744
2007-10-01,133.8573,169.32794,133.97686,163.12089,115.9135,124.44772,136.09227,108.15339,208.67707,249.49995,244.34904,162.12429,205.53761,200.72116,185.10188,217.02077,202.02709,189.86086,206.38419,227.56464
2007-11-01,131.34483,167.3878,132.6822,161.61337,113.27406,122.39309,133.36229,105.24006,201.95161,240.42613,237.99042,159.09032,204.37509,194.44686,183.64607,209.60364,195.48714,187.13599,203.45266,223.84769
2007-12-01,129.60931,164.58136,131.89921,160.02569,112.0436,120.77807,130.98013,103.30342,196.0508,233.02668,231.70872,155.72394,202.09206,187.67234,182.47392,202.45019,189.22608,184.87906,200.13277,218.35464
2008-01-01,127.76331,162.58814,131.69644,156.42403,108.49287,118.49404,128.95208,100.16654,186.04545,224.41481,225.39999,151.05707,200.44008,180.06204,178.80672,197.44748,183.81097,181.61614,194.64026,213.20441
2008-02-01,125.98263,160.30794,131.22209,153.2908,106.82053,117.7591,127.46028,97.609157,177.18129,214.83113,218.74129,145.98075,198.30658,172.72258,176.2398,190.3396,174.54011,179.84647,188.58527,207.94522
2008-03-01,124.457,158.51974,131.52377,150.33382,106.42364,119.00629,127.39558,95.570604,169.30933,207.11192,208.88181,142.28892,196.52294,166.96698,174.39121,185.41728,168.37797,178.29175,182.25586,203.38918
2008-04-01,123.62246,158.67787,131.80579,150.42747,109.54552,120.44292,128.48739,93.759648,165.70864,202.44507,200.4196,139.39687,194.72341,161.32732,174.87416,180.56133,164.62872,179.56658,178.49798,201.31535
2008-05-01,124.29437,160.33774,133.15845,149.9365,108.88365,121.60334,129.73324,92.755374,161.10084,198.53645,193.18802,140.23228,194.22885,157.32033,175.52904,178.02752,162.69519,178.67346,177.13674,199.26786
2008-06-01,124.61438,162.29266,133.4544,150.10775,109.67865,122.4946,131.65808,92.682157,158.79727,195.70396,189.86683,141.52601,194.74418,153.18738,175.0323,175.36658,159.8269,178.27779,175.10837,197.60115
2008-07-01,124.73551,162.56069,133.20383,149.54955,109.37395,123.21077,132.66619,93.207182,154.6382,192.55158,186.84363,143.45028,193.69889,149.09424,174.21331,172.20193,156.87702,176.51459,175.07485,195.43826
2008-08-01,124.32428,162.734,132.10003,149.46167,110.53747,123.03715,132.62997,92.438448,150.93274,189.17581,183.47919,142.17122,193.47605,144.83239,171.92818,168.22714,151.41652,175.23543,174.29524,194.1406
2008-09-01,122.70827,160.98307,130.39849,147.8337,109.87311,122.06423,130.94832,90.166374,146.86102,184.53907,178.71822,140.74472,191.65598,139.79402,169.66584,164.11974,145.53434,172.81588,171.24478,190.00469
2008-10-01,119.78791,159.16703,128.02038,145.48265,108.75898,120.58656,129.03731,86.09946,142.73733,179.82182,173.41755,135.97261,189.65738,135.1846,166.43878,159.1245,139.43624,170.44894,165.44201,184.83379
2008-11-01,116.45769,155.02845,125.60844,141.39312,107.42846,118.25391,127.65554,83.424382,138.04038,175.85446,169.61529,132.90847,186.51723,130.53973,162.61612,155.47208,135.28036,166.23251,160.85547,180.26899
2008-12-01,113.00378,153.05478,122.37359,137.15885,105.21021,115.43881,125.74207,80.894945,131.39677,171.39539,165.0139,126.27933,183.45455,123.93068,158.50339,152.16337,130.12428,160.19453,156.02458,175.55551
2009-01-01,109.44123,150.73087,120.99508,130.84758,102.89201,112.60498,122.3271,77.467556,125.67753,166.54672,158.97354,120.41974,180.92924,117.13355,153.79721,148.26096,124.39621,154.3807,149.26051,171.97948
2009-02-01,106.65214,148.76863,119.03587,126.37862,97.755379,112.25767,120.20712,74.51156,121.10891,163.16561,154.23467,116.42654,177.84012,111.95129,150.88391,146.83316,120.35218,152.13181,145.33236,168.05071
2009-03-01,105.06772,145.82765,119.39287,122.50372,96.863965,112.36109,120.37424,70.938808,116.52501,160.88504,148.74954,109.58476,173.60447,106.92147,147.67985,144.57913,117.70998,149.04664,141.47732,165.93635
2009-04-01,105.41513,146.44709,118.69077,122.36745,98.06718,114.29694,122.15002,69.917474,112.40055,159.37387,145.77582,108.62277,170.6915,104.45183,146.85117,144.43002,118.45909,149.37675,140.40614,167.30351
2009-05-01,105.97995,148.76896,119.79794,123.73014,102.11306,116.50346,123.77849,70.054664,109.49698,159.17623,144.59387,109.86845,171.17191,103.5574,146.97373,145.06411,120.15976,148.95705,140.3462,169.48524
2009-06-01,107.62091,152.71086,120.53885,124.98846,106.37513,119.72946,126.91849,69.485352,107.30527,160.90125,145.37602,113.75656,172.33736,104.73399,148.46526,147.305,124.69704,149.52933,140.89912,173.21074
2009-07-01,110.08693,154.5288,121.2314,128.32073,107.92954,121.26289,128.78898,70.237241,106.07523,163.97129,147.27092,119.36497,173.9136,106.66069,150.05921,150.99465,128.85657,149.44232,142.83618,176.45333
2009-08-01,111.26983,155.94463,120.71646,130.54909,107.4163,121.49877,130.06962,71.590601,105.78463,166.62116,148.91474,122.97687,175.13118,108.41092,150.4552,153.34272,132.47243,149.5408,143.42902,179.57059
2009-09-01,111.26462,155.62498,119.84086,132.12601,105.75261,120.62665,129.44261,72.808461,104.82196,168.03293,149.68542,125.24475,174.80662,109.26388,149.72265,154.75711,134.1555,148.93512,142.57455,180.70707
2009-10-01,110.12224,154.70611,119.05022,130.75013,104.9684,119.90985,128.90344,72.876289,104.70518,168.43423,149.08878,124.8024,174.41614,110.70864,149.88472,155.36862,135.8059,149.25642,140.27253,180.07556
2009-11-01,109.28563,153.98475,118.65753,129.36074,104.74756,119.9567,128.28816,72.409532,104.21883,169.71902,149.08059,124.31119,172.65253,111.9632,150.37559,156.06174,136.634,148.56454,139.6565,179.17054
2009-12-01,108.61829,153.77919,117.79042,127.25581,103.86334,118.83345,127.19742,72.557354,104.3785,171.38477,148.65701,123.64243,171.85222,112.47654,149.95263,156.28674,136.39835,147.54447,138.84571,178.79704
2010-01-01,107.04154,153.00849,117.15905,125.11477,103.28926,117.29445,125.58711,71.83577,103.82337,172.96527,148.32083,122.55545,171.38694,111.76485,147.29264,156.95109,135.62948,145.09198,138.18476,177.39642
2010-02-01,105.65453,151.4202,115.98348,122.56626,101.53091,115.26581,124.54184,70.546756,103.39532,171.80517,147.51628,119.84567,170.55652,110.11247,143.69447,157.9242,134.66893,143.5633,136.53536,176.57256
2010-03-01,103.73149,151.3897,114.7664,119.71167,103.31778,115.8238,125.30716,67.684736,102.58186,170.60996,146.14638,117.23612,169.26164,109.51989,143.61082,160.21657,136.74066,143.71581,136.45921,175.41169
2010-04-01,105.68928,153.55869,116.04847,120.43199,104.77338,118.17714,127.50241,67.813191,102.8237,171.7779,145.04074,119.35306,168.88684,110.06003,146.24939,161.38599,139.76521,145.13879,137.08663,179.50715
2010-05-01,107.861,155.94725,116.39244,121.90275,105.84808,119.91624,128.24064,68.343269,102.34629,174.67363,146.32982,122.70362,170.47138,111.00026,147.97893,163.10873,142.16311,146.81804,138.29481,182.57566
2010-06-01,109.7236,157.83309,117.24172,124.89818,107.26201,121.04087,129.19796,70.044113,101.76826,175.65784,146.91698,125.92345,172.84537,110.98083,148.73066,163.82164,142.54871,146.83092,138.58074,185.73907
2010-07-01,110.01803,158.83154,117.03225,126.16617,107.30975,120.75475,128.71787,71.166012,100.91452,176.27129,147.88482,126.79065,175.02021,110.30218,148.3342,165.02481,143.22531,147.04277,138.24323,187.15284
2010-08-01,108.95116,158.3539,116.56878,126.70093,106.99716,119.35893,128.5709,71.502582,101.02789,175.55238,147.4718,126.37245,175.18352,108.84211,147.023,163.99229,142.83089,145.93444,137.53113,187.04696
2010-09-01,106.39299,156.27408,115.39574,124.75897,103.78195,117.44474,127.32828,70.585,101.18032,175.36219,145.63573,123.7497,174.42912,107.15868,144.29502,162.43363,141.53792,145.06574,136.49678,186.25098
2010-10-01,103.29936,154.34238,114.11501,122.27786,102.1307,116.11164,126.57749,69.237104,100.97185,174.04512,144.0288,121.49816,171.50325,105.97354,142.15737,159.98942,138.84187,143.13456,134.92224,184.96207
2010-11-01,100.80188,152.76309,113.45058,119.57015,100.0346,114.88219,125.02047,68.101152,100.59056,173.28247,143.80689,119.1825,169.5319,104.84861,139.92241,160.07571,137.27596,141.57212,133.48945,183.80569
2010-12-01,100.05954,152.51796,112.41219,117.86237,100.20526,114.66703,124.09841,68.07041,99.477291,170.99312,143.10866,117.38932,167.92256,103.10382,138.22525,158.96869,136.02005,138.69828,130.65433,182.90385
2011-01-01,100.33494,152.18341,111.31887,115.78379,99.129272,114.04325,122.72607,67.632771,99.234982,169.88096,141.3008,113.46016,165.92057,101.53842,135.79831,157.0339,133.36885,135.40993,129.03363,181.34812
2011-02-01,100.67934,149.83345,110.11348,113.25579,98.520987,113.7843,121.26108,67.578969,98.283286,168.23181,138.4353,109.74064,164.45183,100.8131,133.65802,155.05203,129.95865,132.85197,127.61736,179.96497
2011-03-01,100.32534,147.33323,108.91972,110.57012,97.023165,112.75775,120.55505,65.18365,97.175565,167.74769,137.27663,105.76937,162.33578,100.27059,132.66563,153.88146,129.82873,132.97489,126.70376,177.51592
2011-04-01,101.8127,147.06165,110.35298,110.12207,98.100557,113.28027,122.32061,64.470976,96.469336,168.18001,136.99443,105.90126,163.91661,100.36054,132.84445,154.49954,132.01903,135.13671,126.42648,178.48487
2011-05-01,102.8027,150.89435,111.84603,112.00905,99.100722,114.27635,123.944,65.698804,95.59687,169.07171,138.60193,108.51021,165.09247,100.39997,134.50418,154.77903,134.42185,136.55573,127.06341,180.56537
2011-06-01,104.32085,154.46117,113.55537,115.60647,100.65013,115.90149,125.97428,69.474772,95.671187,169.65908,139.45733,112.43508,166.81839,100.68585,134.51594,155.06363,134.90061,137.46151,128.51594,182.66997
2011-07-01,104.54898,155.74833,113.56096,117.77856,101.64366,116.92138,125.97534,72.62723,95.476399,170.04883,141.14804,115.75462,169.53757,100.54022,135.79842,155.22147,135.27786,137.56617,129.48203,185.28659
2011-08-01,102.03718,155.58312,113.40597,119.40285,101.96246,117.11197,126.47704,73.603322,95.183774,169.37767,140.75283,116.02258,170.20308,100.42685,135.90766,154.91323,135.1978,137.09182,129.48898,185.97199
2011-09-01,95.989479,154.38534,112.84772,118.47408,100.66647,116.44224,125.57254,74.159569,93.795454,168.00375,139.83211,115.83732,169.95755,100.22416,136.09928,153.72061,133.21735,135.58793,127.34755,186.3249
2011-10-01,91.211613,152.70098,111.68473,116.3912,99.678987,115.42153,125.38321,72.803041,92.363388,165.50743,138.19959,114.44367,167.33455,100.53651,135.43968,152.86072,132.33582,134.22153,126.65583,182.90404
2011-11-01,88.923755,150.33116,110.15532,112.44319,98.925881,113.99559,124.78853,71.804885,91.411644,163.92773,137.46986,113.77633,164.86474,101.12044,133.26491,151.44837,129.78084,132.65035,125.28016,181.11237
2011-12-01,87.301151,148.53494,109.064,110.16315,97.750336,113.18091,123.62241,70.463738,90.697346,162.11392,137.74185,112.35976,162.40542,101.91071,132.76463,150.41893,128.72449,130.98613,125.07534,178.37752
2012-01-01,85.441992,147.87436,108.38864,107.98749,95.52087,112.63033,122.92165,70.276714,90.237503,160.76121,138.63503,111.46847,160.63009,102.83891,129.96177,148.73849,125.47017,130.03226,124.13816,176.93142
2012-02-01,83.270926,146.25586,108.54866,105.25894,94.216893,112.72139,121.80871,69.947572,89.87752,159.52538,139.53244,110.58588,158.87115,104.11772,129.59621,149.07291,124.63617,128.98724,123.91265,174.55964
2012-03-01,82.538018,145.94638,110.08559,102.74574,94.65764,114.47638,123.65658,68.125897,89.866617,159.72206,140.75803,109.50449,157.39784,106.38024,129.00601,149.68071,125.93748,131.22543,125.11741,176.13298
2012-04-01,84.480256,147.15939,111.65491,103.97624,97.043712,116.4207,125.80685,67.865592,90.838355,162.16424,141.33096,110.44681,157.95215,109.01014,131.62393,151.75106,130.22845,133.83546,127.64684,180.98969
2012-05-01,87.868423,150.62956,112.89825,108.62483,99.681368,118.6002,128.4836,71.20224,92.549873,165.75766,143.3453,113.53113,160.17574,111.91893,135.08715,153.0557,135.28028,137.37005,130.33611,185.899
2012-06-01,91.749037,154.40074,114.48851,113.55543,101.90381,120.13666,131.06233,75.083578,93.940188,168.56627,145.62365,118.84598,163.26877,114.68202,138.50611,154.75948,139.01479,139.8938,132.95239,189.27793
2012-07-01,94.149841,157.18104,115.49281,116.6148,102.33142,121.21355,132.78701,77.651237,94.571634,170.79023,148.69866,123.23314,165.16967,117.21899,140.11614,156.4753,141.71095,141.77756,134.3147,191.46267
2012-08-01,95.801435,158.25929,116.59314,117.44699,103.12504,121.37818,133.47893,79.483102,96.034763,173.00625,150.11804,124.60216,166.40903,119.2763,140.79979,157.84194,142.36988,141.69242,134.89592,192.3819
2012-09-01,96.060082,157.25002,115.86768,116.68935,102.09334,121.5624,134.00679,80.113119,97.381598,174.78626,150.24238,125.72416,166.3022,120.6493,141.0999,160.09056,143.15473,142.0927,134.70943,191.83748
2012-10-01,95.599629,155.11448,115.39812,114.88381,101.60783,120.73864,134.02613,80.819287,100.13857,175.8537,149.97059,124.94427,165.15605,122.3898,142.43876,162.09669,144.15352,141.82232,134.05052,190.24804
2012-11-01,95.679933,153.70759,114.84563,113.35829,100.88076,120.59551,134.49682,80.748872,100.56473,176.57595,151.13186,125.87355,162.88338,124.15623,142.13429,163.61388,146.22861,142.53375,133.74061,188.92657
2012-12-01,95.946111,153.80684,115.0537,112.60814,100.71483,120.50621,134.14363,81.141265,102.41302,178.58757,152.36538,125.95796,161.9588,125.32666,141.29485,164.30794,147.23891,141.75344,134.02231,188.73215
2013-01-01,96.977297,153.79536,115.53047,111.65109,100.00186,120.52825,134.16573,81.263834,104.03636,180.22965,153.51004,125.49478,161.23082,126.69267,140.73657,163.28267,147.44518,141.29605,135.55157,187.44375
2013-02-01,97.008392,153.89572,115.82478,110.69775,99.437798,120.71903,133.90043,80.885162,105.46393,182.0408,153.96904,124.54029,161.46399,128.1002,141.76093,164.25073,148.22628,140.97359,136.32697,186.56309
2013-03-01,98.247727,155.71499,118.34267,110.72559,100.03266,122.3093,135.79301,81.228199,108.36097,186.30325,155.88908,123.20156,160.25279,130.2859,145.52488,167.84173,153.9612,145.19632,139.78388,189.67113
2013-04-01,102.00713,159.12725,120.30317,113.83292,102.1071,125.05182,138.27555,82.658731,111.05499,192.55935,159.65171,126.80584,161.97366,132.46514,148.6212,174.08111,161.46093,149.05003,142.10077,194.16025
2013-05-01,105.51316,161.93877,121.79365,117.91637,103.6808,127.60936,140.97852,85.859751,114.0882,197.53669,163.73548,129.53458,164.64127,134.96545,151.90586,179.56366,168.40786,153.74372,144.61363,198.04151
2013-06-01,109.14817,164.74591,123.29169,121.74331,105.76102,129.78901,143.37356,88.382823,117.2847,202.0763,167.09806,132.45435,167.95656,137.35564,154.79968,184.57307,173.01232,156.46291,147.83497,200.0899
2013-07-01,111.54271,167.02409,123.85435,125.6946,106.32899,131.48233,145.63122,90.72841,120.57853,206.33463,169.07496,134.82708,170.46586,139.36468,157.25501,188.32901,176.87111,159.49774,151.16637,202.97415
2013-08-01,113.47167,168.2611,125.07472,127.69799,106.65351,132.30445,146.95071,92.556901,124.08797,210.48633,170.40704,137.16657,172.29222,141.46975,159.13303,191.77527,178.53284,160.36319,153.93204,204.44328
2013-09-01,113.98725,169.02005,124.79083,128.0335,106.75623,132.58745,147.30257,93.886282,125.73956,212.8312,171.69637,138.31598,173.22823,143.1364,160.17708,193.51429,179.91221,160.86754,154.23514,205.25035
2013-10-01,113.72242,168.42288,125.17124,127.42286,105.80346,132.46442,146.73827,94.772498,127.23369,214.64741,173.63323,139.11183,173.29304,144.49399,160.46408,194.06629,179.5523,160.38837,154.39503,204.37817
2013-11-01,113.36839,168.77527,124.17246,125.87361,105.74307,132.58258,146.44379,94.717274,128.00173,214.78954,176.02266,139.0678,172.71931,144.8553,159.91791,194.15158,180.193,160.1687,154.69821,203.7133
2013-12-01,113.34818,168.65081,124.06682,125.29063,104.20424,132.83697,146.25912,94.596267,128.52851,214.8358,177.56986,138.14219,171.96073,144.47524,159.84176,193.86813,180.54775,159.31602,155.22678,204.0607
2014-01-01,113.23484,167.81983,123.8873,123.73476,104.01996,132.67138,146.21353,93.920511,129.9307,214.23174,178.84846,137.22536,171.96688,144.17831,159.31105,194.94189,181.52063,158.08962,155.79106,203.31632
2014-02-01,112.60368,166.97599,123.55439,122.61173,102.38274,133.00006,146.12772,93.418381,129.85155,215.2498,178.5735,135.9601,171.29252,144.09769,160.60938,196.96509,181.91056,159.04558,154.63262,203.45391
2014-03-01,113.762013875003,168.4204813615,124.1694229144,123.6477495958,103.9540717765,134.5501,148.2180586059,93.748507898863,131.3266399263,217.6069899733,180.9983925284,137.23183467985,170.6134060074,144.722021768482,162.6534158129,199.4085829327,186.6910302717,162.049743104772,154.7951019817,205.5310333258
2014-04-01,115.880377414215,173.5315950216,125.5030303528,126.0702371917,105.0007876246,136.72981,150.5956286679,94.808111476581,131.910229421,219.5407336683,183.0109785351,138.370641288801,170.8022447054,145.378551697693,165.2515243608,200.8053274127,191.1978553523,165.718663579881,156.5483310048,207.55609825
2014-05-01,117.218001657994,175.3529478583,127.1919768416,127.9504020062,106.1454306528,138.54965,152.5860989881,96.128770233111,133.3322781095,221.7516342676,185.2097518288,140.236928330007,172.2929247611,145.965571697498,167.1024825662,202.0056729836,194.7311780295,168.100898799591,159.2715873108,209.3215707964
2014-06-01,118.415525835205,176.2293332864,127.6825204217,129.9235507373,106.5596332397,140.15289,154.3925101807,97.304714488631,135.0209694194,223.3963369436,186.2254755476,141.235168179304,175.0758892843,146.837002619044,168.9478343408,203.0784158362,195.9142631939,169.937193618398,161.1617950485,210.2971411036
2014-07-01,118.954907429705,176.3815201542,128.2026321494,130.9759261617,107.1293495585,141.22097,155.3592348032,98.124238709835,135.8970961418,224.5625925582,187.6394290584,142.102545474027,177.0196204981,147.252813846341,170.0569338875,203.6305744119,195.4940397772,170.874078927609,162.0045523053,210.4871054924
2014-08-01,119.380636232356,176.5851115333,128.1954211124,131.6202692833,107.3626624028,142.03619,156.1472538051,98.723032192294,136.641410778,224.4310516265,188.1049616666,142.539867383212,177.8768667436,147.579132310994,170.5670108945,203.3124427996,194.5790343574,170.853487084214,162.282891986,210.2193343387
2014-09-01,119.034935839398,176.3994059727,128.7797274797,130.9487776446,107.3216364439,142.40273,156.4168828534,98.356955632749,137.0678079786,224.4683922169,189.3424260735,142.399161061645,177.4306739452,147.419278892125,170.7617114162,203.1773840983,194.6579625094,170.30862129291,162.5373601982,209.1445052242
2014-10-01,118.804764905411,175.6008996089,128.6332575147,129.6044207523,106.6154548304,142.61977,157.1624281453,98.242464455176,137.1344565019,225.1075925592,190.0905334284,141.882270253297,176.4060311177,147.558224774691,170.3199148346,203.0128205926,196.334974162,170.223988526122,163.7041988103,208.3317319741
2014-11-01,118.949561217023,175.2728060116,128.2630137239,127.8856556873,106.3546067144,142.78123,157.3239431663,97.297014165566,137.5525553935,225.7722209235,191.2599223346,140.915478355259,174.7812331113,147.755195774594,170.4686918031,203.9221894154,196.6707867717,169.663632866726,165.0181250778,207.1459769791
2014-12-01,119.105242197948,174.9674386194,128.4049948908,126.7899132784,105.7541350087,142.8462,158.180973567,96.911846851265,137.3081192408,226.5687980542,192.3710230792,140.368460781769,174.709308013,147.900577590494,170.6871163793,203.3762973467,197.482008111,169.749650040474,165.0648109378,206.7393538593
2015-01-01,118.792864089511,175.7512664127,129.0622900807,126.5776505319,105.6049112979,143.4478,158.5008432201,96.697100312777,137.5388510517,225.9185956584,193.6682912985,139.839511824062,174.771656737,147.846112579958,170.7309744054,204.657111445,195.7276413499,168.833211357145,164.6839553074,205.2505210187
2015-02-01,118.884399672732,175.3746213775,130.2762734629,126.4224712955,104.3556661568,144.42915,160.7356786321,97.093088981777,137.2764400825,227.5663049301,194.805712853,139.915098556615,174.8015256726,148.266769251316,171.8960202298,205.9330612639,200.1834023079,170.28123326989,165.0047730656,205.6905194567
2015-03-01,119.987843323014,176.1510410183,131.2314800473,127.5778089675,105.0914765863,147.16687,162.9759250128,97.89991567257,138.7455998722,229.6569796407,196.6532118078,141.121397307115,174.3559368775,149.231280783398,173.8803328011,208.5123091764,206.2776307509,174.124308268191,167.1448101918,206.8513242582
2015-04-01,121.533896625577,176.5193924644,132.4574239044,128.9221462367,106.1946618035,148.80297,166.0646974754,99.443270261837,140.0929734859,232.562612499,198.4021142173,142.694250772339,175.6213431997,150.457695964617,176.8864714799,209.7592087061,210.8613049903,178.03973063165,168.0770905869,209.5735066574
2015-05-01,123.239082145676,179.2550077374,133.4005541739,130.4189940048,107.9551917833,150.26878,167.8706010903,100.990964063177,142.1198281642,235.2923927066,199.9249865481,144.373748148017,177.2295798262,151.513623641718,179.4233223946,211.5500468562,213.6662900871,180.54364844639,169.3205313662,210.9469891953
2015-06-01,124.809468039519,181.8642515374,134.2444385653,131.8109662761,109.3708502303,151.66958,170.0871828629,102.659151026004,143.142053652,237.0871975374,200.5667903234,146.028273245239,179.4306553984,152.88107453443,182.1780175707,212.0874481945,214.6113397196,182.42804898679,169.7992025453,212.4840768139
2015-07-01,125.85161333344,183.8490461244,134.431915873,132.7087315332,110.0801956306,153.56296,171.2951696501,103.306102649014,144.4073079768,238.0616475235,201.2238793865,147.064818187831,180.7611382014,153.954109218236,184.5826845848,214.5915850565,215.4690072406,183.199347606098,171.159445209,212.981060627
2015-08-01,126.179288567546,184.5314815937,134.364603208,132.8406770549,109.7458012076,154.67285,172.7760224897,103.728660100135,144.8842132472,238.2228750307,201.9537295894,147.420217253573,181.609246462,154.821258764591,186.509565666,215.3508865066,215.1243911062,183.833667385634,172.0898577592,212.8051676744
2015-09-01,126.293536400189,184.395183393,134.1608214271,132.174611195,109.31650257,155.26289,173.4787493021,103.528051568198,144.9680019034,238.5934260912,203.7543721532,147.579550438578,181.5060982917,155.096626090355,187.9779685751,216.4876096232,216.2612232695,184.258409249884,172.9190782718,211.8065588393
2015-10-01,126.009994884126,184.0959058366,134.4288847276,131.1087154754,108.6302800385,155.79351,174.2078797263,103.197693481806,144.8305217326,238.872584231,205.0607144643,147.376804194231,180.9902600202,155.892971123013,188.8463063451,215.624069469,217.755577884,185.164576214435,174.0361521587,210.6787844679
2015-11-01,125.724723172521,183.1958202233,134.9137231901,130.262578515,108.7588593366,156.10632,174.4317980604,103.23820465026,144.7156362555,239.3758997274,206.6096995745,147.37518527603,180.4209284919,156.34045343029,189.406978931,216.3402886826,218.3496548141,185.962168884829,174.9382186229,210.3904973968
2015-12-01,125.598675223189,182.7702400611,135.3701808646,129.6516927276,108.6505677038,156.43941,174.3252929582,103.381123002011,145.3365729933,240.1649651111,205.9836565853,146.862183593015,179.7557065744,157.119367810171,190.1101237097,217.6587501763,217.9139493369,186.265721893595,176.4026706121,209.6409175083
2016-01-01,125.680937324481,182.0952914498,135.2910911379,129.0168766064,108.8093203272,156.62929,174.7148348187,103.18102130427,145.6853543148,241.1771255843,206.6826687449,146.082293010036,179.4056379729,156.708707178947,190.933698556,218.7445095699,216.4882842926,186.488466196758,176.8440977847,208.8780052297
2016-02-01,126.360446448971,181.8953598751,135.7448265735,128.639740827,107.9128139393,157.46172,176.3858856018,103.165451713409,146.1556112324,242.8000517819,206.7307634125,145.398151204102,178.969752198,157.142596351167,192.3448175127,218.9721056272,218.776915531,188.529072375699,177.8990914854,208.1233998283
2016-03-01,127.735805433628,184.055234784,136.7771632588,130.3125486624,108.119117245,159.7194,179.210248446,103.729326987237,147.0615051051,244.3659854453,208.7645388104,146.679106274396,179.4673729517,157.543473623961,195.2089757908,221.290964696,223.8732363973,193.020417715986,179.4723197836,209.3525614595
2016-04-01,129.374776644952,186.6770616213,138.8007906733,132.5193590977,109.0747028912,161.71003,181.8050904487,105.019237802477,148.5208719197,246.2352912508,210.9513850228,149.484868295031,180.5303407606,158.649880841388,198.6320263673,222.9601571778,227.3361768727,197.006851443479,180.8625198061,212.7169748494
2016-05-01,130.944594961421,189.2213438925,139.9226523343,134.6277794607,110.6029057764,163.81696,183.8184209145,106.324602614814,150.3181400508,247.9873872479,212.9485074298,151.714732730132,181.404908261,159.518722594352,201.8521044776,225.0421751572,227.4901879592,199.818252821014,182.2876752119,214.743645967
2016-06-01,131.926439736623,190.2835431013,141.0160656338,135.8280735857,112.0924860541,165.2148,185.7788292334,107.886194343348,151.3933679538,249.5640004908,214.4927672761,153.353971145722,183.2960522228,160.650781074805,205.0154100994,225.9712428612,228.4579593325,202.545708794658,183.0214303763,215.8865658548
2016-07-01,132.396128322315,191.3843768585,141.3566640504,136.7024285205,112.576845847,166.33744,187.4099346177,109.145686214934,152.2870521509,251.0582121465,215.3562126774,154.29387411502,184.699375871,161.90823853792,207.2840277265,227.3879376563,228.5187468883,203.704225072763,184.0364398804,216.027989701
2016-08-01,132.732271444658,191.9368597557,141.8323125435,136.5434227855,112.7163434952,167.13441,188.0199088076,109.855743141396,152.2590805411,251.7943254053,216.2004202116,154.980518731276,185.5731153024,162.798866295098,208.2299014507,227.770126897,229.4406148258,204.55499639655,184.9907649507,215.9520650399
2016-09-01,132.89938636332,192.1715791489,142.094661073,136.1033656326,112.408770849,167.73157,188.6280346489,110.030014078741,153.0900858153,252.4152206067,217.2250099917,155.33529442047,185.4525776833,163.264038172011,208.3932551392,228.0071517265,228.5436764095,204.545508852344,185.8771907794,215.4963594106
2016-10-01,133.300938200746,192.2548888908,142.357492269,134.8593414964,112.9930762616,168.43477,188.6434822462,110.033633052745,152.8907711108,252.0950798174,218.2121542839,155.337620452368,184.8651163151,163.840405592506,208.216180449,228.2124185169,229.9800123928,204.80629046284,187.6116181988,215.1558858365
2016-11-01,133.198966517427,193.1417716612,142.7589549266,134.6577438883,113.0863563365,168.73869,189.6583692784,109.916963377307,153.3316879256,252.4132573092,219.223905611,155.206581119368,185.1907909782,164.318403100932,208.5230292581,228.8416029094,230.1971752,205.12604006493,189.0921110759,214.8699538586
2016-12-01,133.294914557005,194.063757072,142.8274163378,135.041119804,113.3592399854,169.04901,189.8541505754,109.65620162882,153.7063250308,253.0281677729,220.0011966715,154.808336546067,185.2604656774,164.571105954571,209.0965572914,229.3032646122,231.1394007133,206.284227183338,191.1882435838,215.3654595796
2017-01-01,132.841713178572,194.8042476649,143.3138186396,135.2008025349,113.317847891,169.46066,190.7233628383,109.184703556282,154.7521837141,253.9941765283,220.4544851994,154.028780911682,186.2367590178,164.725087508976,209.3491122445,231.0210321947,230.2049484271,207.499842987698,191.2940847079,215.2102894774
2017-02-01,133.410572178609,195.5026308304,143.893317649,135.0269028899,113.0909189488,171.30343,191.7419944524,109.568759392081,155.3383840218,254.7852621167,220.5461969261,154.567955105612,185.9792295616,165.314410019413,210.9511547589,233.1831802329,232.7292878288,211.317572689333,191.1235360993,215.9116342957
2017-03-01,134.886099415253,197.9268183899,145.6429256589,136.2388629299,113.0189216769,173.44678,194.1067505744,111.240351925039,156.6009401831,257.319167833,221.0684327017,156.774438268075,187.3169896297,166.221830384254,213.0486287094,235.3578709558,235.1440937216,216.812942235843,191.5438422563,217.0012837464
2017-04-01,136.837137482906,199.1912513084,146.9195688013,137.6262139682,113.5776257646,175.29404,196.5096899392,113.211607954067,158.5956110106,259.0347294246,222.2305603532,158.894821033807,188.3251977233,167.61971325484,216.9998247374,237.4582436119,238.3691550496,222.484383176722,192.9509041974,219.1652400525
2017-05-01,138.086530908494,200.583019842,148.1577337733,138.9958944322,114.9501083798,176.53401,198.2932026784,114.464093065174,160.7744169459,261.7134923511,223.9995327518,160.746147037846,189.2189471983,168.647280288933,219.6633514802,239.8630253903,240.8886189361,226.425470315376,195.0970785284,220.7328157829
2017-06-01,138.948607703369,202.1266899361,149.2468320347,140.0813935986,116.0513314859,177.85815,199.8685798737,116.297774731091,162.3990899568,263.3482836944,225.0760112794,162.382212745926,190.2702441054,169.893558091991,221.5318568304,241.9784067179,242.5250718214,229.643838933526,195.7275993412,222.1108212824
2017-07-01,139.503130797483,204.3932697884,149.638815123,140.9131566603,116.8883924798,178.50937,200.9886695448,117.02723362629,163.664334576,266.2380584204,226.3404205877,163.562069165811,191.8255330264,170.8185570621,222.8314471578,243.5136139278,243.7938004701,231.14886356085,196.9650979106,222.665628056
2017-08-01,139.891491038207,205.1567128645,150.4099423716,141.1792062413,117.6300704664,179.0317,201.6165047198,117.696263658272,165.2788943262,266.8529214615,226.6595195445,163.930177669843,193.3154629491,172.10830515625,223.1818294101,245.520907678,243.4482276309,231.566073476741,197.5728966979,222.3486955611
2017-09-01,140.254127207639,206.0016357803,150.7175939754,140.8913161835,118.4313252802,179.73311,201.9696925323,117.541563634396,166.8864563211,267.8386485525,227.9134579849,163.859075526788,194.691090125,173.12972291496,223.5655059926,246.5310821647,244.8926864065,230.932073175734,199.2476659718,221.6306483028
2017-10-01,140.084137784213,205.4313162555,151.4814908804,139.9563161513,118.1466783529,180.42716,202.1432361845,117.794162684762,168.3862470617,268.2782849216,227.8306420381,163.66061848526,195.3814268879,173.550231633827,222.9134584208,246.4470548802,247.7294727412,230.765373151561,200.4030922567,221.5962481741
2017-11-01,140.159891054656,205.0864583927,151.0448901042,139.2345600192,117.474406525,180.64196,202.8230262358,117.428726336835,169.5584535646,270.0108617582,228.1847594604,163.568423884956,195.5399387768,173.432461451452,222.8773215318,245.681090431,251.2523820538,231.189485739921,202.4565311666,221.8868016531
2017-12-01,140.511569318985,204.7177330957,151.2973825846,138.4524237012,117.0546086358,180.78713,203.961120546,117.30068401336,170.8128472957,271.5795933576,227.8674337159,163.024383632295,195.5531586547,173.712859161891,223.1769409959,246.2563519166,252.627902884,232.507663833385,203.0992032342,221.3490027919
2018-01-01,141.428728582531,205.2101735562,151.8640426659,138.5130197409,117.2642822662,181.23406,205.2855724485,117.404860670431,171.6254895283,272.8577284753,229.2274082681,163.05947880157,196.0127077188,174.20622523526,224.110687125,248.0786676603,253.5902927923,234.136984970979,204.0246382856,220.2833772638
2018-02-01,142.07639844725,206.9163015822,153.024314924,138.6099380828,117.9353805826,182.28582,207.8425568243,118.635729747625,173.3428900755,275.5106460605,230.5246467687,163.596894515386,196.7271559023,175.738023603737,224.9958638591,250.9253252255,256.1556877118,238.219601098156,204.7034870198,221.097047223
2018-03-01,143.212029227305,209.0431103548,154.4912831063,140.0177657946,118.1453921844,183.58835,210.7847542856,119.823971401295,175.8583550073,277.9424792764,232.0978426653,166.350078911001,197.0141840985,177.452302875087,227.2827761551,253.3629578136,261.5521563341,244.927343257894,205.8872696536,223.5009372827
2018-04-01,144.360174173003,212.6436790862,155.7301817313,141.4312547619,118.9951552657,185.27276,213.3411736222,121.575643737392,178.7101683557,280.3305413914,233.2243475723,169.248826382786,196.7625875131,179.001578131496,229.75199581,255.5899758051,264.1902516249,251.491929992959,206.8174153688,225.98695999
2018-05-01,145.852582259277,214.2841175578,156.7983129615,142.7787022878,120.5776870351,186.42279,215.104948297,122.438613430297,181.0316663821,281.2883744829,235.0858638195,171.00228226869,197.2385713111,180.755878551504,232.4884454964,256.9672244852,267.02934693,257.091391453047,207.8653789939,227.2296510904
2018-06-01,146.752503648715,215.8909389548,157.655422414,143.7021933895,121.8271481023,187.159,216.3944922687,123.647777555296,183.4912560338,282.7021668178,236.6698673952,172.535742057691,197.9988750328,182.150118092013,234.1736402316,258.4401534453,268.3051036799,258.921674266801,209.1320241542,228.2986269604
2018-07-01,147.493503373514,216.1515622864,157.9310732312,144.2038081125,123.4839208975,187.50014,217.0877379147,124.084419662,186.0099238217,282.9153600589,237.6952496724,173.259351972869,198.6948621488,183.480488391814,235.3360795575,258.4910107924,269.8503752315,257.708711102352,210.3589724787,228.5755031611
2018-08-01,147.833692773263,216.2251617407,158.2160877779,144.7882812479,124.0825994778,187.43342,217.0598115702,124.730446534896,188.1392019552,283.099198683,237.943380514,173.789650029077,199.4546592871,184.178426524281,235.0959079314,257.3229067875,268.8818495333,253.643366178098,211.4505738872,228.3884653945
2018-09-01,148.149943224105,216.27197182,158.5303036456,144.8638006323,124.3336370384,187.42928,216.7648036422,124.792742681997,189.3165136166,282.5293207627,238.2689482283,173.570630865572,200.2730349999,185.462034590078,234.91689558,256.0834438998,268.9718533841,250.247803150142,212.6162425305,227.7843691784
2018-10-01,148.41360122314,216.2938322648,158.9401646996,144.3996659726,123.6163680891,187.49068,216.1482213667,124.55864752574,189.9691101014,282.6605487048,238.543548473,173.21905579627,200.9585397367,186.759328261239,233.6465865587,255.2554429643,267.042713201,247.628059846744,213.1637981879,227.7598032888
2018-11-01,148.687503078324,216.4216204364,159.2267720456,143.4802466579,122.7410318471,187.88942,215.4616987295,123.980740947298,189.9559492746,281.5003537043,239.4030214826,172.852528993928,201.096184287,187.354439412863,232.6050494208,253.3622518645,265.1764119697,245.822047720057,213.9066462676,227.6798089476
2018-12-01,148.758377014248,215.251683275,159.1290127801,142.4259285495,122.3917291352,187.97905,215.1240063991,123.397250300859,190.2238536273,281.6030806371,239.5857118762,172.025019885936,201.183151015,187.419048416024,231.9267794903,251.6866574881,261.2393598358,244.289596345043,213.7238643011,227.3008064411
2019-01-01,148.398294942998,214.3533488584,159.5161692038,141.5726782264,121.6142261923,188.20045,215.6359989596,123.136524119685,189.7175403148,280.2646333999,240.3193858776,171.46040820717,201.0996426928,187.212349539876,231.4054207707,251.2900978314,257.8397274656,243.628759847567,214.2966050762,226.9179904571
2019-02-01,148.922589964725,213.4525844104,159.3402565845,141.5220899523,121.4543376099,188.53544,217.6282505899,123.224339813201,190.0858202359,280.227605799,240.541552533,170.787468570856,200.7595401452,187.498064292939,231.4691373648,253.7636951417,259.3686614418,244.962969954506,215.6954053956,227.5939909239
2019-03-01,149.989003768609,216.9717028168,160.5688937205,142.2988593607,122.347069985,189.08054,219.8002900344,123.692049967003,190.2930353187,281.669121412,242.0502193533,172.612408069045,200.2846182238,188.297525574927,233.0665668686,256.3735502997,264.5269197495,249.027888907387,216.7355897545,229.7671803782
2019-04-01,151.539854015428,220.861091115,162.1755938439,143.9731291149,123.243895568,190.31756,221.5314169353,125.719662402016,191.4046884304,284.2143895938,242.4661614555,174.183391404623,200.2822216947,189.718599998386,235.6639377282,257.572638701,268.7688939646,251.691555667995,218.2545992358,232.1220667599
2019-05-01,152.505724233901,221.8126009159,163.6633263375,145.0459812127,124.9260819262,191.29859,222.7550428585,127.241587685757,192.5887552065,286.4707021175,242.9685451787,177.10693437644,200.5308664578,191.078098444738,238.0780471521,259.9921680462,269.5850552126,254.118140316286,218.5109968702,233.7309995055
2019-06-01,153.304378834501,223.9748468272,164.6165057228,146.2080495977,126.0558917701,192.1308,223.6759322666,128.901718652398,193.5298222623,286.682036391,243.2880800088,179.005609085792,200.5685776938,192.632931166567,239.6103240287,261.8340569542,270.1703378172,255.519005261858,218.9727137647,234.916675669
2019-07-01,153.422105367177,224.3581129601,165.0542648984,146.6099496912,127.3742614273,192.55559,223.7225719435,129.338138463401,194.6889552891,285.9249338697,244.1248776952,180.236396300113,200.8086105394,193.99868985267,241.1719215548,263.5394269099,270.051393644,256.060957021728,219.821095082,234.6293542846
2019-08-01,153.742557721478,224.624530982,165.3694171391,146.7197309555,127.7340788015,192.66199,223.3441489054,129.31619343185,194.3461720435,285.8693734993,244.9573166475,180.531458098424,201.2748718333,195.751103878426,241.1143326912,262.9829069226,268.7333119026,255.348849060867,220.5945162936,234.4277819464
2019-09-01,154.017979219308,223.7792440535,165.8701449815,145.4799748371,128.37083548,193.06343,223.2289479457,129.140001859652,194.6623230555,287.1383939847,245.7372823857,180.836410184364,201.9676051253,196.623931101601,241.2321956036,263.099156432,267.0486098146,254.589235610802,222.1165430628,233.8204634896
2019-10-01,154.681843348125,223.7634931209,166.5534558938,144.7397828308,127.6978877096,192.92037,223.2079744564,128.257523496073,194.2930046325,288.263742826,246.5001698115,180.678444706115,202.8555581174,197.664989553415,240.0920344632,262.4468207771,265.9705322093,253.779560843297,223.5159899439,234.3506649577
2019-11-01,155.014260599643,224.808701786,167.3850998636,143.6764479218,127.6053868463,193.23245,223.3013208489,127.698494268516,195.005727461,289.1354089721,246.94338372,179.588922061017,202.8150801567,198.323831240288,240.2684993311,263.268690593,266.557443052,253.7788734804,224.6017312455,234.6850389387
2019-12-01,154.847273843614,224.7667812841,167.4017132433,143.3990463949,126.6862645466,192.84199,223.07141693,127.496783149903,195.1712957091,288.9332746917,247.1175448637,178.649456385715,203.2085006053,199.526518540856,240.588115065,263.3114150197,266.6985478218,254.255903330629,224.9093714604,234.854852006
2020-01-01,155.111838135553,223.9301027665,167.2684200728,142.1978496087,126.6985535581,193.08323,223.7474336686,127.303954967482,195.8781078123,289.7245689398,247.3014834402,177.782265173545,203.0580550826,200.142657440181,241.6024856031,264.2003596711,265.7033263779,256.221432055161,224.8799169829,235.0400470845
2020-02-01,155.841788410512,223.8201610606,167.7441168325,142.558658994,127.0181899016,193.32482,225.1552719504,127.740508155906,196.8817179123,290.6473851505,248.6156021291,179.766454119591,203.8590608307,201.529924719579,242.9740349614,265.6174993108,268.8635617517,259.905145354298,226.2792920238,236.02222939
2020-03-01,156.983021728514,227.3717848267,169.2785328263,144.5034425775,128.7234240239,194.38573,228.101156532,128.741487911494,198.7520693958,293.6942426445,250.4437938733,181.920620172608,204.1949548394,203.666848773877,244.7911775369,269.4170044273,274.4811487878,266.648930500853,228.7604161044,238.7216984416
2020-04-01,158.15573728181,230.4247012092,171.1500816916,145.8985349169,130.5151787953,195.68122,230.3865294338,130.305311488861,200.3685605652,295.7327050233,252.1226593518,185.381774244919,204.3772371794,206.488617165239,246.0332970309,272.5656341397,276.036612926,270.273220793522,230.6883809928,240.3783439983
2020-05-01,158.955884061634,231.2233846603,172.5173599425,146.9176296149,131.9469847593,196.71531,231.4974635544,130.938258482742,200.8227934968,296.4804557991,252.7828886846,186.844001633079,204.2259343617,208.29547770747,248.342448169,273.6628047654,275.7800320382,271.752115949608,231.3038256288,241.4458023605
2020-06-01,159.940420252123,231.8422851376,173.9204134317,147.0242221304,132.7211924821,198.04247,232.6475194573,132.79200011267,200.0987927326,297.7404280439,252.9119369309,188.61751721807,204.2965637756,210.010968339835,249.9464185087,275.3217077972,274.5909030748,272.433321623625,231.5968822854,242.7444047557
2020-07-01,160.802542819367,234.2443466213,174.9736881882,148.4470811136,134.3284055434,198.78224,233.5138011779,134.533366820093,201.2777543502,301.1093042639,253.92962208,189.5883191951,205.3842372664,211.839513168943,253.2938412846,278.105787326,277.7030180332,274.063262355943,232.8031611612,244.9010001634
2020-08-01,161.647848618296,237.4061323476,176.5123999136,150.3850260573,136.548379322,200.73284,235.1393710933,136.053611548338,203.58391749,305.2923419313,256.6274010781,190.894395409891,208.2705155738,215.094791604268,256.0417497287,283.0336408752,280.3986811999,277.091279857577,235.5980729244,247.600104619
2020-09-01,163.256976245131,241.1678898852,178.6334680338,152.1637592238,138.1650743555,202.58647,236.6398662282,137.295951083676,205.1627314251,309.0668240307,259.5068897546,192.812906519269,212.0143226443,219.16129354457,259.5450902954,287.9787756716,284.1653570745,280.539740785067,238.7681649429,250.0415086546
2020-10-01,165.19744089558,244.8459343154,181.1824585871,153.2862773114,140.1140796557,205.50438,238.8810511486,138.315390274233,206.8711736809,312.585024674,263.2550345009,194.904037107852,216.5481854682,222.820796677785,261.4010451093,292.8859729566,287.3452416945,283.476445514299,242.6134213203,252.9528966887
2020-11-01,167.184575053306,248.3342001768,183.2397761208,153.6351754934,140.4376683856,207.21477,241.3409828578,139.342298600325,208.3680915567,315.3717784468,266.5753992196,195.971025155924,220.9571365203,225.645329931312,263.2790125409,295.4823377173,289.8930019675,286.142542247963,245.9223188468,255.302097343
2020-12-01,168.644448139804,250.3397926846,184.3465399748,153.7989496343,141.7828222672,209.07642,243.6122393564,140.281906958926,210.687861982,317.9524997978,269.9472762497,196.489386016432,224.307620562,228.256487952561,264.5377447745,297.6351827001,290.7126312707,288.796566565683,249.016178162,257.3681349785
2021-01-01,170.101318558905,252.2572940933,185.8810621553,154.3333741301,141.9881773757,210.81409,246.4376269327,141.210871799389,213.0079429873,321.1944540518,273.4244068008,196.569485250867,227.0160296501,231.901611953114,267.4755440128,302.017405285,292.3682366517,293.010633585956,251.9426190482,259.0612204308
2021-02-01,171.549849252402,254.5578058421,187.7872375126,154.8729300587,142.7069484196,214.3741,250.9472623096,142.775148859984,215.2326953489,325.5791612576,276.2889271884,198.403859134434,228.9869410107,236.590633243891,271.2388262511,311.0062745765,298.4065990496,301.133229978386,255.3211502436,261.6965501419
2021-03-01,174.690264015611,261.242901041,192.67772996,157.5497816976,145.3149883389,220.39817,259.1988650498,144.689923997435,220.2486494339,333.2368655805,281.5242918023,201.846991111601,231.6998606393,244.554388722483,278.2559530504,321.3711643901,308.0997304491,315.217044019027,260.3364677786,267.0277719218
2021-04-01,177.805879309378,267.6646870843,197.1156260646,160.4216670277,147.9165129229,226.77797,265.9325043244,148.205441582188,225.4427405508,339.426507094,288.1840312638,206.407651157916,234.7326876741,252.664265779427,284.8774232098,331.5868571791,317.7925490798,326.434545099747,266.3017383953,272.5639557977
2021-05-01,181.935297646276,271.3843175181,201.9360353415,163.3291878526,151.1002869275,233.07644,271.9357011347,151.066084925166,232.0676639463,346.6822096585,294.9262201423,210.806037914907,238.0851298554,262.115886983872,291.721989971,341.0379780761,326.0812469239,335.478081918421,273.0623414811,276.6988197357
2021-06-01,186.483102897862,274.8479682432,207.0399146323,165.9859160334,154.7033143121,240.14109,278.3184510614,154.202819528135,239.7820631016,353.3310920625,303.9514940995,214.355264859001,240.6389725598,271.467131670598,298.1264322441,349.6430238064,334.7333914301,340.882651794409,281.3984614883,280.197010309
2021-07-01,190.731858954819,278.0067238088,211.5534928384,167.6744321362,156.4980920489,245.82838,283.2251366163,156.227666604633,246.3948835834,358.3784169125,310.9250029749,216.706082952792,243.3966566238,280.467090909912,302.6838899925,355.4228418786,338.5271770092,343.911075905081,289.6803318899,281.7995379892
2021-08-01,194.29795674831,279.4300827511,214.7605025813,168.9535030751,157.647447899,250.22249,285.6701761905,157.425778187404,251.9193444521,361.5116025888,318.0571202382,217.355231934854,244.8904151478,286.732638456426,305.4628600303,357.264179566,339.9770080506,344.478760208319,296.7698398866,282.6169031785
2021-09-01,197.707815137977,281.627657581,218.6547038749,169.8548201079,157.8872291381,253.25505,286.790055169,157.962266630934,255.7499409131,365.6017867179,324.8687318625,217.536094871106,246.7473744733,291.566930598734,306.7061598254,359.9666784558,340.4237432311,345.819563190364,304.8676557241,282.435620117
2021-10-01,199.990281773981,281.8467932908,222.0274902413,170.6624271706,158.9359446497,256.09389,287.3173516729,157.999914630767,259.3522319692,370.7758248743,331.0631566527,217.39415110057,249.0489191691,294.844614589328,307.7586442571,363.9344412226,340.4634740807,347.966323371573,310.7138255703,282.359872827
2021-11-01,202.684525794612,281.8145634001,225.111593796,171.3870384594,159.6499183789,259.12847,289.7226086561,158.439455473404,261.7414752546,375.3818915007,337.5942243041,217.821610634508,251.5263554605,298.317614361337,309.0976763168,367.832730861,342.4694910198,352.884472664801,317.1518148933,283.4442996858
2021-12-01,205.329308193465,283.7958064027,228.2914969903,172.4002462365,160.5962849195,263.43561,292.9436481778,159.353757689464,264.2827862644,378.7665879149,343.8958046081,218.605650858393,254.3571239195,302.333599773191,311.7703897375,374.4588561927,345.3822985956,358.098817279452,322.1697802524,284.8802168314
2022-01-01,208.586058009337,285.6994851628,231.4663514934,173.2037618891,161.3935028541,268.38278,297.6875354024,160.302222308772,268.7726663854,384.892455456,350.3482268287,219.73952627972,256.5436059935,307.470778404482,314.5962472412,384.1257654229,353.5532665458,365.312952270621,329.7079097035,288.1340689368
2022-02-01,212.880952614093,291.6890797842,236.1319020622,175.3275176812,162.8789054311,276.18609,306.8126791805,162.518297038648,274.4315598589,397.3129582457,358.4719362742,222.18573028958,259.9186982972,314.313729038924,322.6831990641,401.4378616939,366.5083384064,381.235675045309,338.4661318724,293.0293619588
2022-03-01,219.608190899407,299.6301372253,243.0206336681,177.8333346433,166.6754683173,288.05593,320.4748196409,166.811814007756,282.8941753115,410.6037519249,371.4962199344,226.852680689501,264.2944583958,323.77757481789,331.9663664995,416.4467264817,382.0432937459,402.472448779322,350.9858139696,301.310924425
2022-04-01,224.730274599502,308.0902080617,249.5497111855,181.1467979142,169.1057259522,297.18258,328.7137233643,170.763466865015,289.4577979828,418.8266962336,383.9445761405,231.806654121494,269.4184421507,331.73973056018,339.3255544275,425.9010966787,390.2259169372,411.773698278378,362.1321271744,307.0915157465
2022-05-01,229.742641931469,313.9487679108,255.3630619109,184.5232610509,172.2098513905,304.72834,332.2723402933,172.992861553264,295.6179481385,423.103877335,394.934906091,234.91284642206,273.5750659682,340.050499358023,342.2273839862,427.7993261275,393.8302933495,414.008915287559,372.2072415844,310.5390865945
2022-06-01,232.737692805691,315.9249048958,259.9166338602,187.7420037637,174.3409011685,307.81485,332.012987297,174.084013336794,299.9251587011,421.2491397659,404.1475957058,236.51580804417,276.8792073724,343.545294381278,341.8983160068,424.8300171583,388.5412976411,406.147516795831,380.2104952074,310.5328983158
2022-07-01,234.264137225441,315.0731542804,261.5128118547,188.8557797737,175.9892528458,306.51642,327.3394809731,173.768148930073,300.0927166022,414.3334860169,409.4029114342,236.184748576208,277.4456260463,343.001883378024,338.0940084653,413.9892499544,374.7919215591,393.725436441767,382.3742498589,308.2784433612
2022-08-01,233.320448296911,311.2599922316,260.5481643142,187.9374495394,175.808860672,300.66201,319.8620202549,172.568419034603,296.0070660354,404.8680399657,408.7953831584,233.911601339551,276.3352050133,335.528775345789,331.5020261647,402.4632189216,358.7273012849,378.407409073889,380.7417020904,303.5564418498
2022-09-01,231.504914749994,306.4108103815,257.5226275082,186.7277461524,174.4872521234,294.4683,313.4467470544,170.53434224062,288.7529755326,397.8796778179,404.6579737435,231.618050151085,274.5687974675,328.248948748227,327.3428807338,393.7843386514,348.1487211267,367.369503332528,377.3419677764,300.955778324
2022-10-01,229.737231637471,303.3937246651,255.1693678592,185.752940723,172.6925119389,290.71821,309.994424535,168.931723617606,283.6187195907,395.6249397261,400.4611765773,229.978616348816,274.0293348747,323.079285298258,324.4548016843,390.6034770436,342.3737101434,363.580458930365,374.3735209054,299.3708103773
2022-11-01,228.404111394786,301.2881270171,253.3669850981,184.7609651075,171.545428007,287.51734,307.400521072,168.207528684595,278.8347784589,392.2306734221,399.5850611286,228.223950926326,273.9711946896,317.099387775593,321.3378917362,385.3942302471,336.8846527274,358.112835610075,370.6120199255,298.532269056
2022-12-01,226.630432101944,298.52566334,250.8525341569,182.516291959,170.2396947207,284.37857,303.3075398606,166.497043295881,273.5812015696,388.9255522055,398.3608710481,225.360289319689,273.1866626435,311.160658033387,315.1799750442,380.0912082662,330.7132623567,351.612376928911,366.9492684167,297.1701973887
2023-01-01,226.038943242748,297.722867528,250.2552344084,181.6689285568,169.4528881793,281.71817,300.7638865793,165.386471759958,269.5969553674,388.5002469596,398.9994255852,223.437730914809,272.5371448108,307.29782194318,313.0996744764,378.8430322259,326.1170037686,346.963383456117,364.4044426143,295.1336920321
2023-02-01,226.864475378335,298.1228388973,250.4450478218,181.900333608,169.4124442821,281.69578,303.1566648153,165.149486759594,267.1257966114,392.1339312271,397.4854886592,223.481255623682,271.8150881346,307.81151298992,314.0960650926,384.5197430466,329.3964316909,348.301359537236,364.4070904384,296.3678988842
2023-03-01,229.530441229491,302.008026291,254.5641813407,185.3698199073,170.5152821399,284.71697,309.0879388383,168.815596343677,268.5705564611,398.6233786999,400.352148789,227.830060684738,274.9877126991,309.226567596425,319.4156138298,394.1326616761,338.869364585,355.758937167806,367.9679212448,300.7937301669
2023-04-01,232.496756210552,310.777222706,258.170626542,188.577171428,174.0293761359,288.66033,313.804685027,172.78388581116,270.3685622197,405.3359876537,403.7709416473,231.827179026961,278.5594275493,311.433260496987,324.1661786932,402.0186257142,346.6195387753,363.277670733837,371.0577677722,305.6175426579
2023-05-01,234.660919582033,314.5767391936,261.0516626622,192.8450811933,178.6966187708,293.1743,316.0975279387,176.184334249518,272.8217461592,409.8691372217,408.599586844,235.784680393899,283.1423315414,314.003759324462,327.3289138361,409.100368664,350.3413047153,369.309754528568,374.8254880599,310.298748829
2023-06-01,237.65556765941,318.6471795915,264.2949303099,195.5539674937,181.4641341965,295.23405,317.4425798299,177.929062067933,275.3545647476,413.0577220314,414.0889864028,238.124612658408,286.4017961881,317.57214221764,329.7479805251,413.4609969428,350.8066864418,372.698802130757,376.6713909268,312.3517694006
2023-07-01,239.416989111875,319.0841326943,266.3613123198,197.2623421432,182.9561366018,296.11979,318.0015376832,179.255438269879,278.4446899996,415.5795918804,417.0268821156,238.485743066746,289.0789237522,320.333582981033,329.4751834061,416.5798414053,351.3106215349,374.815628141878,379.3577213757,314.2117215902
2023-08-01,241.272253074951,320.9651442786,268.3940621305,197.280385556,182.5917941676,295.62034,317.7909408667,180.663645965084,281.5044948807,417.6022720032,422.1168136057,237.986967394818,290.8074641902,322.450986553626,329.3055642853,418.8725320046,349.6667633858,375.746995185581,380.8130188723,313.9689991696
2023-09-01,241.476571775013,322.4623978207,269.5653584906,197.7803617526,183.2682530842,295.23329,316.6990935791,181.934483809223,283.161439093,418.3740470907,424.6981153427,236.88983397335,292.9001504024,324.135915749689,327.9783745811,419.1329401894,350.0176073009,374.030582264639,382.7308542941,314.412643568
2023-10-01,241.713031832479,323.5190286174,270.3758327093,198.2889917231,183.7023584245,294.27292,314.871000204,182.577923160166,284.0510178109,420.2237957976,427.0635705887,236.085492143061,294.6356173939,325.89920428349,325.5191776507,418.5984110002,348.2066385679,371.700993234106,382.7110982421,313.4756219011
2023-11-01,241.065627447499,322.7102708659,271.0397886964,197.6173725345,184.2829273768,292.39679,312.0452774349,181.658063551595,284.578382623,420.8189784411,428.1121036873,234.191413672739,295.7332374546,324.739386217022,322.3576031374,416.7648677645,344.4038930797,367.044051522747,383.2474263043,312.6520487252
2023-12-01,240.903977749677,320.2547093377,270.6762346628,197.2135886262,182.8517973554,290.47582,310.3439060734,180.28437393276,285.0541232184,421.4307590103,429.1972699644,231.831812482501,295.8720510434,322.909028969907,319.2211395325,413.0910409298,341.5312303123,365.252454654554,382.1893434754,312.5303426268
2024-01-01,240.380643947696,318.7384976151,270.3795685477,196.5136533477,181.1831110724,289.941,308.8826189133,179.170183422832,284.7834430571,421.6553431706,428.6290693572,230.584761653151,295.3359689206,321.3427391771,318.5298862885,421.5332058276,340.8007769422,365.238329831087,381.2645344599,314.0417311518
2024-02-01,240.815966638857,321.962136004,270.937839886,198.7008309016,181.376749843,291.61534,311.5797234357,179.957376957359,286.6271040733,426.2865532832,429.1086985074,232.221850815267,297.5428020078,322.846842688777,322.3054141519,428.723384494,346.7062861499,373.011900770734,379.7602316916,317.7145238107
2024-03-01,242.983443929843,327.9844721016,273.951416217,201.8517170388,185.7931896196,295.15622,315.6560216251,182.003119829702,289.1939699924,433.9117256719,433.10333957,235.450848295914,301.6308032609,324.560298974399,327.3369103768,437.7996464164,355.8940106026,382.545265943149,381.5500581595,322.1476371602
2024-04-01,245.530749491999,335.5657865076,277.2729627117,205.2281997986,189.0355922542,298.62101,319.8887494825,185.174310266245,292.4934552702,439.7492066265,436.8256687233,238.51404622288,305.9280916451,326.403750016917,330.6839200473,443.1597922516,362.7601710915,390.371608927152,384.1501290673,325.6462514533
2024-05-01,247.886708243425,337.401080051,279.8752589493,207.5720871882,192.166727231,300.86686,322.6272263672,188.290771501331,296.1075095432,444.3169652405,439.961005182,241.2626436836,310.6883095632,327.819128269494,331.8334055674,446.3426169782,365.8615967128,395.200081565295,387.276275416,329.2337089318
2024-06-01,249.713382784919,339.6191576563,281.2284916061,209.5432932353,193.4239146974,302.00021,323.4175917183,190.4473065508,298.5817352766,446.872609497,442.7306537607,242.7425768266,313.3510774369,329.2305302989,332.2723497544,448.9744339227,366.9922286926,397.438657939619,388.1447514604,331.2022811783
2024-07-01,250.125114397176,339.6211548076,281.8204820235,210.580833619,195.1554636395,301.66378,322.066152011,191.2239543773,301.266941875,445.1013357825,444.0245142424,243.290468988,315.1064375681,329.4604762101,332.4888071618,445.9864221374,363.4878003424,396.92207083875,387.8320721693,331.5595064621
2024-08-01,250.0570417302,338.6275572557,281.6965525823,211.4512148822,194.768355084,300.23217,319.8277731328,191.4225533561,301.8640318934,441.4015253793,443.3481080626,242.8490439586,314.8881683241,329.0588591749,331.8872469746,442.783579402,359.5225254148,395.1621410696,387.0123242988,331.0481851563
2024-09-01,249.4295666346,336.9196878711,281.8828618372,211.3850557022,195.7981348156,298.37635,317.3420507356,191.6404920608,302.1019458664,437.3713593492,441.0555823621,242.5415332376,315.6268350901,329.928329725899,331.2922768024,438.9852154088,356.9087433065,393.3071712786,386.5819092009,330.9439106899
2024-10-01,248.5322542702,337.7971456613,281.0080385256,210.5717481377,194.2191329685,296.77704,316.2216546026,190.486217190203,300.689020465,436.5737199512,440.5500385567,241.5001501486,316.6759400498,329.795514624655,329.9408909233,437.1916114855,353.5227531798,389.7314804471,384.2356086293,331.1127974863
2024-11-01,247.8405696956,339.2429061485,280.8771104207,209.837894383,194.2348955738,295.18187,314.7198282737,189.8827110389,300.3889516728,436.5326709101,441.5607299189,240.7169193838,317.9179948265,329.826834317471,328.7976708355,435.3473339552,351.1253335583,386.826394411093,381.6722891096,330.8014226174
2024-12-01,246.409844453611,340.5738353524,280.0393365868,210.1353899334,192.4855186463,295.17092,314.9728509154,188.8502631039,300.4801651317,435.8137815558,443.2509380121,239.2249466998,318.1379104666,329.553741761246,328.5331948402,435.0853978257,350.9231560611,385.525168042022,377.7577582643,329.8445255397
2025-01-01,245.923302481709,339.6896679208,279.3330314442,211.1120791775,192.8105343661,293.78973,314.4934295132,189.2426061235,300.4368198127,438.3958686789,442.6340879892,238.865100261,319.2476105925,329.95858601019,327.5191882282,435.3035844518,350.969611442,385.061749913379,375.5138504877,330.0308833839
2025-02-01,246.8306756128,340.9864586263,279.4394400928,212.3994212403,193.2839007042,294.16392,316.4132124709,190.2548696088,300.6440154843,445.249891959,441.35147106,239.1654561079,320.9658829749,330.165386603676,329.0497635039,439.7865740185,357.288959901,391.3031405507,374.3681944685,332.1625581598
2025-03-01,249.0055680275,343.3616618678,281.2520457295,214.8217616633,196.7191253454,295.70339,319.8364594135,192.5292124877,302.6455967164,451.5287639206,440.5097995165,241.8511762744,326.417207273,330.6874462132,331.7450796929,444.2928599057,361.4177945657,398.2350211017,373.2272080616,336.4006520458
2025-04-01,250.782158443,348.5426463105,284.0474278591,217.3390679327,198.7193332954,297.97717,322.1591153261,195.3934125619,304.5196460428,451.0712397299,442.9577636167,243.9702936788,330.8148283929,330.5903338973,333.141021943,447.1507159513,363.3441382269,402.2917207434,375.9387031024,339.4058398006
2025-05-01,252.0622468192,353.027087328,286.9311476048,219.9498388839,201.4470901546,298.99244,322.613100387,197.5028920575,305.9045027782,448.8061255634,442.5024245025,247.1234625196,334.4093200114,330.8255321219,336.1320822738,447.2488235358,363.1642593125,402.4237041007,377.8792810754,339.9918638781
2025-06-01,252.0291808599,353.9943480614,288.1962646721,222.1390670486,202.2370698708,299.12986,321.5934344638,198.4715766937,305.7981582507,447.0049850672,441.9451405428,248.7367145068,336.1333011988,329.1359794105,335.5647016426,445.6429343806,359.4509933273,401.0243010114,378.9321708849,338.3141604368
2025-07-01,251.9077101475,353.3532329648,287.6519810079,223.3072283967,204.0549517003,297.95498,319.9478774836,199.1320794626,304.1380500049,445.7103563537,438.4751325594,249.659693268,335.6839227704,326.5125968147,335.9776890387,442.5348242127,356.1379979427,397.5694698757,376.7949560518,335.8134454947
2025-08-01,250.5338250331,352.3870347552,286.0298838243,223.7593144914,203.6876238531,296.67663,317.4169902576,198.62356471,302.4564243895,441.4568106984,436.1921663552,249.0436018513,334.0143700706,323.5992920669,332.5551991053,439.0799866585,354.0658671773,394.8029503909,374.0491829779,333.9036126258
2025-09-01,249.0214235761,350.6861111285,283.8179199557,222.7440168574,203.5627716273,294.4125,315.1834094242,198.656242178,299.8319264723,438.7607479911,435.6644128186,248.384450932,332.6347389375,323.3702523647,330.1536500536,434.9335510745,353.8917836866,391.1940241112,370.4878390274,333.0725800121
2025-10-01,248.2247554963,347.6928928464,282.0807840472,222.5240618675,202.064695127,292.35333,311.8853426084,198.1529469284,298.7408007563,436.7349853965,435.9938637687,247.886614977,332.8707678259,324.7317759108,327.8153651471,434.4597721904,354.4901473906,388.1625504327,368.2192387515,332.4477313838
2025-11-01,247.6886603579,345.1656995007,281.810616321,221.5367957887,200.6908887909,290.88461,310.6919223405,197.5359963332,299.1392069358,438.3597610773,436.9221651513,247.4361556396,334.9319094806,325.3629134938,326.6350540936,436.9172197061,352.3947521384,386.2488740416,366.9650424697,331.7785695561
2025-12-01,246.6992356784,344.6433607992,281.8016290714,221.2405463032,200.134231307,290.59943,308.5225835919,196.8714122152,297.7311343466,439.2330585625,436.6627115074,245.7101190178,335.718682184,324.4735155917,324.8912770746,439.1093077226,350.5201625312,385.0153287149,366.9084529265,330.3590198164
2026-01-01,245.5488661956,345.0471592221,282.423177983,220.8449452151,199.4771212466,289.39369,308.024640396,195.421999789,297.5266271331,439.0383506682,438.5692614023,244.8177694446,336.1746656804,324.6104363746,324.1745883394,438.2875249415,349.6354680975,382.7599264714,365.9464717447,330.5529060761
2026-02-01,246.0588527748,345.3541695911,282.2532890412,223.0129510297,201.5592121287,288.98577,309.5363788534,195.3824756134,297.3898457672,441.0823330429,441.1507216387,244.2833217475,337.4200035071,324.1884481308,326.2787506635,442.7700793342,356.2074786341,383.4960050031,366.5554712895,331.9100015002
2026-03-01,247.8126302417,352.5576288653,283.8857732072,227.9751446293,204.2633297741,290.64075,313.5583375095,197.795397632,298.7749839657,443.8845465978,445.4993018118,246.0953005959,341.0217821327,325.2582463539,329.0580747917,448.0947729856,362.5792434814,388.3551863048,365.9570014638,335.8778213299
2026-04-01,250.4084178969,356.2470855889,286.8240921832,231.5247813574,206.3271044901,293.29232,316.2156690178,201.8192877001,299.3452767549,448.8208645213,447.8156816749,248.9801756135,343.8608312816,325.1244510674,331.7143033387,451.7238929338,368.2123953699,393.208336239,369.2862913411,340.1167626553
2026-05-01,252.0968415755,362.4245108186,288.4156269264,235.2268599036,208.5580060069,296.24097,316.9771886385,204.061415486,300.2065441662,451.4791124117,450.5566220462,251.6873604023,348.627352266,326.5970129575,333.4013275408,450.9450473311,371.297952569,395.0581459677,371.7370680733,342.6685111886
2026-06-01,252.7080766347,363.5688490253,289.6964403071,237.4743489627,210.5996342156,297.15816,317.5885419072,,299.9992999665,453.2073927567,451.9751225092,253.4363410028,352.2314300008,326.2582387426,334.2998613502,450.3432305546,371.0079790014,393.2092656311,374.418554441,344.0458269118
